2019-04-25 11:05:35.392080,121,PRDER,33.2750062,-81.5752452,0.0,-32768.0,0.0,0.0
2019-04-25 11:05:35.405889,118,PRDER,33.2750062,-81.5752452,0.0,-32768.0,0.0,0.0
2019-04-25 11:05:35.427427,112,PRDER,33.2750062,-81.5752452,0.0,-32768.0,0.0,0.0
2019-04-25 11:05:35.580080,121,PRDER,33.2754551,-81.5771843,45.2724873308296,-32768.0,61.0,779020013465.0433
2019-04-25 11:05:35.592402,118,PRDER,33.2755126,-81.5772634,43.36021082177372,-32768.0,51.0,573947844388.6715
2019-04-25 11:05:35.609427,112,PRDER,33.2756498,-81.5774151,30.887024367004486,-32768.0,42.0,389168556270.4823
2019-04-25 11:05:35.780721,121,PRDER,33.2754536,-81.5771861,44.63794477065137,-32768.0,61.0,778989884402.2148
2019-04-25 11:05:35.792636,118,PRDER,33.2755122,-81.5772639,43.20743238932983,-32768.0,50.0,553444553082.5803
2019-04-25 11:05:35.807870,112,PRDER,33.2756472,-81.5774166,31.26252935211951,-32768.0,42.0,389177467278.30695
2019-04-25 11:05:35.989334,118,PRDER,33.2755105,-81.5772653,43.38332211995486,-32768.0,50.0,553450486754.7546
2019-04-25 11:05:36.011535,112,PRDER,33.2756448,-81.5774183,31.001876580963255,-32768.0,42.0,389171281786.65704
2019-04-25 11:05:36.089522,123,PRDER,33.2750062,-81.5752452,0.0,-32768.0,0.0,0.0
2019-04-25 11:05:36.271978,123,PRDER,33.2756484,-81.5774133,51.300447491744634,-32768.0,41.0,369145070242.2443
2019-04-25 11:05:36.289168,118,PRDER,33.2755082,-81.5772661,43.38332211995486,-32768.0,50.0,553450486754.7546
2019-04-25 11:05:36.310599,112,PRDER,33.275641,-81.577422,31.001876580963255,-32768.0,41.0,368688582745.2541
2019-04-25 11:05:36.484869,123,PRDER,33.2756481,-81.5774133,51.82509684830674,-32768.0,41.0,369156872643.20703
2019-04-25 11:05:36.587333,118,PRDER,33.2755065,-81.5772659,43.38332211995486,-32768.0,50.0,553450486754.7546
2019-04-25 11:05:36.611457,112,PRDER,33.2756389,-81.5774261,31.001876580963255,-32768.0,41.0,368688582745.2541
2019-04-25 11:05:36.677411,123,PRDER,33.2756474,-81.5774134,52.71797537183924,-32768.0,41.0,369176959083.40283
2019-04-25 11:05:36.887101,118,PRDER,33.2755036,-81.5772648,43.38332211995486,-32768.0,53.0,614944985283.0608
2019-04-25 11:05:37.014715,112,PRDER,33.2756384,-81.5774304,31.001876580963255,-32768.0,41.0,368688582745.2541
2019-04-25 11:05:37.032845,121,PRDER,33.2754517,-81.5771879,45.181772111304454,-32768.0,58.0,717514466172.6708
2019-04-25 11:05:37.053676,121,PRDER,33.275438,-81.57719,45.181772111304454,-32768.0,58.0,717514466172.6708
2019-04-25 11:05:37.187762,118,PRDER,33.2754994,-81.5772624,43.38332211995486,-32768.0,53.0,614944985283.0608
2019-04-25 11:05:37.209960,112,PRDER,33.2756397,-81.5774352,31.001876580963255,-32768.0,41.0,368688582745.2541
2019-04-25 11:05:37.226202,121,PRDER,33.2754347,-81.5771885,45.181772111304454,-32768.0,58.0,717514466172.6708
2019-04-25 11:05:37.487178,118,PRDER,33.275497,-81.5772607,43.38332211995486,-32768.0,53.0,614944985283.0608
2019-04-25 11:05:37.510974,112,PRDER,33.275642,-81.5774417,31.001876580963255,-32768.0,41.0,368688582745.2541
2019-04-25 11:05:37.529249,121,PRDER,33.2754299,-81.5771858,45.181772111304454,-32768.0,58.0,717514466172.6708
2019-04-25 11:05:37.689862,118,PRDER,33.2754948,-81.5772588,43.38332211995486,-32768.0,53.0,614944985283.0608
2019-04-25 11:05:37.723101,112,PRDER,33.2756436,-81.5774459,31.001876580963255,-32768.0,41.0,368688582745.2541
2019-04-25 11:05:37.741790,121,PRDER,33.2754265,-81.5771832,45.181772111304454,-32768.0,58.0,717514466172.6708
2019-04-25 11:05:37.987211,118,PRDER,33.2754911,-81.5772555,43.38332211995486,-32768.0,55.0,655941317635.2648
2019-04-25 11:05:38.017091,112,PRDER,33.2756469,-81.5774531,31.001876580963255,-32768.0,41.0,368688582745.2541
2019-04-25 11:05:38.039973,121,PRDER,33.2754221,-81.5771782,45.181772111304454,-32768.0,59.0,738014879491.8898
2019-04-25 11:05:38.303915,118,PRDER,33.2754875,-81.5772518,43.38332211995486,-32768.0,55.0,655941317635.2648
2019-04-25 11:05:38.356199,112,PRDER,33.2756507,-81.5774602,31.001876580963255,-32768.0,38.0,307240485621.04504
2019-04-25 11:05:38.405987,121,PRDER,33.2754164,-81.5771714,45.181772111304454,-32768.0,59.0,738014879491.8898
2019-04-25 11:05:38.611543,118,PRDER,33.2754836,-81.5772471,43.38332211995486,-32768.0,55.0,655941317635.2648
2019-04-25 11:05:38.663645,112,PRDER,33.2756551,-81.5774674,31.001876580963255,-32768.0,38.0,307240485621.04504
2019-04-25 11:05:38.688735,121,PRDER,33.2754111,-81.5771647,45.181772111304454,-32768.0,59.0,738014879491.8898
2019-04-25 11:05:38.809964,112,PRDER,33.2756581,-81.5774724,31.21230701484685,-32768.0,38.0,307244427994.434
2019-04-25 11:05:38.893646,118,PRDER,33.275479,-81.5772419,43.38332211995486,-32768.0,56.0,676439483811.3668
2019-04-25 11:05:39.011112,112,PRDER,33.2756594,-81.5774746,31.251408845137107,-32768.0,38.0,307245160562.43176
2019-04-25 11:05:39.100813,118,PRDER,33.2754758,-81.5772384,43.38332211995486,-32768.0,56.0,676439483811.3668
2019-04-25 11:05:39.210933,112,PRDER,33.2756625,-81.5774804,30.964748887497116,-32768.0,38.0,307239790043.5297
2019-04-25 11:05:39.389121,118,PRDER,33.2754703,-81.5772327,43.38332211995486,-32768.0,56.0,676439483811.3668
2019-04-25 11:05:39.463715,112,PRDER,33.2756648,-81.5774848,31.164459269857826,-32768.0,38.0,307243531573.98474
2019-04-25 11:05:39.612400,112,PRDER,33.2756677,-81.5774905,31.16905275487197,-32768.0,38.0,307243617632.1926
2019-04-25 11:05:39.685750,118,PRDER,33.2754662,-81.5772287,43.38332211995486,-32768.0,56.0,676439483811.3668
2019-04-25 11:05:39.814282,112,PRDER,33.2756702,-81.5774955,31.348533031438215,-32768.0,38.0,307246980175.936
2019-04-25 11:05:39.875829,123,PRDER,33.2756465,-81.5774142,52.70808085694212,-32768.0,39.0,328157099102.8332
2019-04-25 11:05:39.903536,123,PRDER,33.2756742,-81.5774239,52.70808085694212,-32768.0,39.0,328157099102.8332
2019-04-25 11:05:39.935811,121,PRDER,33.2754054,-81.5771572,45.181772111304454,-32768.0,60.0,758515292811.109
2019-04-25 11:05:39.965611,121,PRDER,33.2753819,-81.5771274,45.181772111304454,-32768.0,60.0,758515292811.109
2019-04-25 11:05:40.032795,123,PRDER,33.2756764,-81.5774243,52.70808085694212,-32768.0,39.0,328157099102.8332
2019-04-25 11:05:40.076984,118,PRDER,33.2754595,-81.5772225,43.38332211995486,-32768.0,57.0,696937649987.4689
2019-04-25 11:05:40.108630,112,PRDER,33.2756731,-81.5775015,31.348533031438215,-32768.0,38.0,307246980175.936
2019-04-25 11:05:40.287114,118,PRDER,33.2754518,-81.5772158,43.38332211995486,-32768.0,57.0,696937649987.4689
2019-04-25 11:05:40.324690,112,PRDER,33.2756778,-81.5775117,31.348533031438215,-32768.0,39.0,327730112187.66504
2019-04-25 11:05:40.619007,118,PRDER,33.2754435,-81.5772092,43.38332211995486,-32768.0,57.0,696937649987.4689
2019-04-25 11:05:40.692785,112,PRDER,33.2756821,-81.577522,31.348533031438215,-32768.0,39.0,327730112187.66504
2019-04-25 11:05:40.786164,118,PRDER,33.2754391,-81.5772057,43.38332211995486,-32768.0,57.0,696937649987.4689
2019-04-25 11:05:40.907781,112,PRDER,33.2756863,-81.5775328,31.348533031438215,-32768.0,39.0,327730112187.66504
2019-04-25 11:05:41.158660,118,PRDER,33.2754292,-81.5771976,43.38332211995486,-32768.0,58.0,717435816163.5708
2019-04-25 11:05:41.196154,121,PRDER,33.2753765,-81.5771211,45.32273039535955,-32768.0,60.0,758521809658.1796
2019-04-25 11:05:41.233232,121,PRDER,33.2753423,-81.5770867,45.32273039535955,-32768.0,60.0,758521809658.1796
2019-04-25 11:05:41.272167,112,PRDER,33.2756906,-81.5775436,31.348533031438215,-32768.0,39.0,327730112187.66504
2019-04-25 11:05:41.340467,123,PRDER,33.2756841,-81.5774257,52.70808085694212,-32768.0,39.0,328157099102.8332
2019-04-25 11:05:41.444766,118,PRDER,33.2754228,-81.5771922,43.38332211995486,-32768.0,58.0,717435816163.5708
2019-04-25 11:05:41.489523,112,PRDER,33.2756933,-81.577551,31.74,-32768.0,38.0,307254314331.4649
2019-04-25 11:05:41.608182,112,PRDER,33.2756962,-81.5775586,31.531058800200498,-32768.0,38.0,307250399795.52045
2019-04-25 11:05:41.686703,118,PRDER,33.2754145,-81.5771849,43.38332211995486,-32768.0,58.0,717435816163.5708
2019-04-25 11:05:41.807684,112,PRDER,33.2756993,-81.5775671,31.36148568977066,-32768.0,38.0,307247222843.31335
2019-04-25 11:05:41.989843,118,PRDER,33.2754056,-81.5771771,43.38332211995486,-32768.0,66.0,881421145572.3871
2019-04-25 11:05:42.081263,112,PRDER,33.2757019,-81.5775743,31.474824159782372,-32768.0,38.0,307249346237.71747
2019-04-25 11:05:42.215544,112,PRDER,33.2757048,-81.5775824,31.61497225388531,-32768.0,38.0,307251971920.14166
2019-04-25 11:05:42.288746,121,PRDER,33.2753389,-81.5770836,45.03999916946977,-32768.0,60.0,758508738328.6499
2019-04-25 11:05:42.332591,118,PRDER,33.2753953,-81.5771678,43.38332211995486,-32768.0,66.0,881421145572.3871
2019-04-25 11:05:42.376889,121,PRDER,33.2753061,-81.5770553,45.03999916946977,-32768.0,60.0,758508738328.6499
2019-04-25 11:05:42.466975,112,PRDER,33.2757078,-81.5775907,31.642277299245468,-32768.0,39.0,327735982381.87506
2019-04-25 11:05:42.516914,121,PRDER,33.2752983,-81.5770487,44.65412354208937,-32768.0,60.0,758490898572.6084
2019-04-25 11:05:42.589104,118,PRDER,33.2753864,-81.5771594,43.38332211995486,-32768.0,66.0,881421145572.3871
2019-04-25 11:05:42.659910,112,PRDER,33.2757108,-81.5775988,31.509484744063283,-32768.0,39.0,327733328644.9801
2019-04-25 11:05:42.711593,121,PRDER,33.2752906,-81.5770422,44.60495381524412,-32768.0,60.0,758488625378.7231
2019-04-25 11:05:42.813190,112,PRDER,33.2757139,-81.5776071,31.686414228390426,-32768.0,39.0,327736864420.1268
2019-04-25 11:05:42.940294,121,PRDER,33.2752826,-81.5770356,44.85003245669095,-32768.0,61.0,778999954588.9675
2019-04-25 11:05:43.008141,112,PRDER,33.2757171,-81.5776155,31.437443884967863,-32768.0,39.0,327731888979.2662
2019-04-25 11:05:43.182398,121,PRDER,33.2752745,-81.5770288,44.89460485601331,-32768.0,61.0,779002070950.1243
2019-04-25 11:05:43.238041,112,PRDER,33.2757206,-81.5776249,31.50609769348407,-32768.0,39.0,327733260958.0348
2019-04-25 11:05:43.336564,121,PRDER,33.2752656,-81.5770212,44.665124680159984,-32768.0,61.0,778991174934.4407
2019-04-25 11:05:43.415342,112,PRDER,33.2757233,-81.5776323,31.38852014995208,-32768.0,37.0,286764547377.30023
2019-04-25 11:05:43.494380,121,PRDER,33.2752584,-81.5770151,44.96861227519735,-32768.0,61.0,779005584934.399
2019-04-25 11:05:43.607000,112,PRDER,33.2757264,-81.5776412,31.454592575610103,-32768.0,37.0,286765702718.8585
2019-04-25 11:05:43.693112,121,PRDER,33.2752493,-81.5770075,44.83239790624402,-32768.0,61.0,778999117276.1284
2019-04-25 11:05:43.807865,112,PRDER,33.2757296,-81.57765,31.442789281768132,-32768.0,37.0,286765496326.4483
2019-04-25 11:05:43.883187,118,PRDER,33.2753803,-81.5771537,43.38332211995486,-32768.0,67.0,901919311748.489
2019-04-25 11:05:43.935716,121,PRDER,33.2752419,-81.5770014,44.636180021035315,-32768.0,62.0,799489532204.9843
2019-04-25 11:05:43.986940,118,PRDER,33.2753501,-81.5771252,43.38332211995486,-32768.0,67.0,901919311748.489
2019-04-25 11:05:44.093123,118,PRDER,33.2753433,-81.5771191,43.38332211995486,-32768.0,67.0,901919311748.489
2019-04-25 11:05:44.148990,112,PRDER,33.2757327,-81.5776592,31.475963361645853,-32768.0,37.0,286766076408.6377
2019-04-25 11:05:44.205537,121,PRDER,33.2752319,-81.5769934,44.729191063251996,-32768.0,62.0,799494064694.2126
2019-04-25 11:05:44.255519,112,PRDER,33.2757361,-81.5776687,31.26625658355852,-32768.0,37.0,286762409484.33856
2019-04-25 11:05:44.369682,121,PRDER,33.2752278,-81.57699,44.718169365119294,-32768.0,62.0,799493527598.9465
2019-04-25 11:05:44.429538,118,PRDER,33.2753326,-81.5771096,43.38332211995486,-32768.0,67.0,901919311748.489
2019-04-25 11:05:44.496131,112,PRDER,33.2757395,-81.5776785,31.28334945697821,-32768.0,36.0,266279657770.99063
2019-04-25 11:05:44.599382,121,PRDER,33.2752146,-81.5769794,44.639280759655485,-32768.0,62.0,799489683305.8083
2019-04-25 11:05:44.733147,118,PRDER,33.2753253,-81.5771031,43.38332211995486,-32768.0,67.0,901919311748.489
2019-04-25 11:05:44.790798,112,PRDER,33.2757431,-81.5776884,31.474238768485,-32768.0,36.0,266282757234.34845
2019-04-25 11:05:44.845828,118,PRDER,33.2753142,-81.5770934,43.38332211995486,-32768.0,67.0,901919311748.489
2019-04-25 11:05:44.903836,112,PRDER,33.275747,-81.5776995,31.323498774621136,-32768.0,36.0,266280309672.6185
2019-04-25 11:05:45.007655,112,PRDER,33.2757507,-81.5777098,31.290681872040828,-32768.0,36.0,266279776826.8353
2019-04-25 11:05:45.092548,118,PRDER,33.2753068,-81.5770868,43.38332211995486,-32768.0,63.0,819926647044.0809
2019-04-25 11:05:45.232810,112,PRDER,33.2757529,-81.5777159,31.29327634947277,-32768.0,36.0,266279818953.16696
2019-04-25 11:05:45.321169,118,PRDER,33.2752993,-81.5770801,43.38332211995486,-32768.0,63.0,819926647044.0809
2019-04-25 11:05:45.433683,112,PRDER,33.2757581,-81.5777306,31.354474064974536,-32768.0,35.0,245797673184.70166
2019-04-25 11:05:45.592658,118,PRDER,33.2752882,-81.5770702,43.38332211995486,-32768.0,63.0,819926647044.0809
2019-04-25 11:05:45.672747,112,PRDER,33.275762,-81.5777412,31.246228582870128,-32768.0,35.0,245796050808.6424
2019-04-25 11:05:45.792889,121,PRDER,33.2752112,-81.5769768,44.82632065070931,-32768.0,62.0,799498797896.5721
2019-04-25 11:05:45.856635,121,PRDER,33.2751685,-81.5769424,44.71949882940129,-32768.0,62.0,799493592384.6862
2019-04-25 11:05:45.924318,112,PRDER,33.2757639,-81.5777465,31.50517920514612,-32768.0,35.0,245799931952.19803
2019-04-25 11:05:45.992818,118,PRDER,33.2752733,-81.5770566,43.38332211995486,-32768.0,58.0,717435816163.5708
2019-04-25 11:05:46.114446,121,PRDER,33.2751565,-81.5769327,44.8913146398897,-32768.0,61.0,779001914725.8673
2019-04-25 11:05:46.186731,112,PRDER,33.2757701,-81.5777629,31.234322930741847,-32768.0,35.0,245795872367.85
2019-04-25 11:05:46.249733,121,PRDER,33.2751471,-81.576925,46.02560436151005,-32768.0,61.0,779055773383.3738
2019-04-25 11:05:46.379455,118,PRDER,33.2752618,-81.5770459,43.38332211995486,-32768.0,58.0,717435816163.5708
2019-04-25 11:05:46.448686,112,PRDER,33.2757743,-81.577774,30.904723960017762,-32768.0,35.0,245790932395.2464
2019-04-25 11:05:46.522094,123,PRDER,33.2757157,-81.5774297,52.70808085694212,-32768.0,35.0,246117824327.12494
2019-04-25 11:05:46.636962,112,PRDER,33.2757787,-81.5777854,30.9811743378367,-32768.0,34.0,225309405031.25964
2019-04-25 11:05:46.710970,118,PRDER,33.275254,-81.5770386,43.38332211995486,-32768.0,58.0,717435816163.5708
2019-04-25 11:05:46.781245,112,PRDER,33.275783,-81.5777966,31.00243053856011,-32768.0,34.0,225309697066.15335
2019-04-25 11:05:46.847889,118,PRDER,33.2752382,-81.5770238,43.38332211995486,-32768.0,60.0,758432148515.7749
2019-04-25 11:05:46.966829,112,PRDER,33.2757872,-81.5778076,31.115860469196537,-32768.0,34.0,225311255461.56833
2019-04-25 11:05:47.029671,118,PRDER,33.2752343,-81.57702,43.38332211995486,-32768.0,60.0,758432148515.7749
2019-04-25 11:05:47.096247,112,PRDER,33.2757919,-81.5778201,31.0566765513183,-32768.0,34.0,225310442342.64978
2019-04-25 11:05:47.218199,112,PRDER,33.2757958,-81.5778303,31.001353189860087,-32768.0,34.0,225309682264.66013
2019-04-25 11:05:47.296059,118,PRDER,33.2752218,-81.5770082,43.38332211995486,-32768.0,60.0,758432148515.7749
2019-04-25 11:05:47.367957,121,PRDER,33.2751436,-81.5769222,44.823136953190016,-32768.0,59.0,737998747155.9023
2019-04-25 11:05:47.493337,121,PRDER,33.2750922,-81.5768815,44.87248738162351,-32768.0,59.0,738000967055.2136
2019-04-25 11:05:47.568319,112,PRDER,33.2757979,-81.577836,30.996182498366338,-32768.0,33.0,204826919295.9085
2019-04-25 11:05:47.637803,121,PRDER,33.2750865,-81.5768771,44.75522593710582,-32768.0,59.0,737995692362.7982
2019-04-25 11:05:47.763413,118,PRDER,33.2752099,-81.5769969,43.38332211995486,-32768.0,60.0,758432148515.7749
2019-04-25 11:05:47.845569,112,PRDER,33.275804,-81.5778522,30.781028962992355,-32768.0,33.0,204824232073.95578
2019-04-25 11:05:47.919118,112,PRDER,33.2758085,-81.5778639,30.884124590809858,-32768.0,33.0,204825519714.24744
2019-04-25 11:05:48.044678,118,PRDER,33.2751981,-81.576986,43.38332211995486,-32768.0,60.0,758432148515.7749
2019-04-25 11:05:48.117874,112,PRDER,33.2758132,-81.5778757,31.015083414612356,-32768.0,33.0,204827155365.1797
2019-04-25 11:05:48.192487,118,PRDER,33.2751851,-81.5769739,43.38332211995486,-32768.0,60.0,758432148515.7749
2019-04-25 11:05:48.324072,112,PRDER,33.2758179,-81.5778874,30.72557616837402,-32768.0,33.0,204823539483.18768
2019-04-25 11:05:48.411405,112,PRDER,33.2758204,-81.5778934,30.81329819982863,-32768.0,31.0,163859708086.9963
2019-04-25 11:05:48.494917,118,PRDER,33.2751726,-81.5769624,43.38332211995486,-32768.0,60.0,758432148515.7749
2019-04-25 11:05:48.623660,112,PRDER,33.2758279,-81.5779114,30.722966527223388,-32768.0,31.0,163858805511.5899
2019-04-25 11:05:48.791307,118,PRDER,33.2751604,-81.5769511,43.38332211995486,-32768.0,58.0,717435816163.5708
2019-04-25 11:05:48.937086,112,PRDER,33.2758305,-81.5779174,30.724060182259407,-32768.0,31.0,163858816439.15012
2019-04-25 11:05:49.018237,112,PRDER,33.2758356,-81.5779294,30.68999614703432,-32768.0,31.0,163858476078.98334
2019-04-25 11:05:49.095128,118,PRDER,33.2751459,-81.576938,43.38332211995486,-32768.0,58.0,717435816163.5708
2019-04-25 11:05:49.234162,112,PRDER,33.2758435,-81.5779478,30.464939865467652,-32768.0,31.0,163856227376.19595
2019-04-25 11:05:49.404565,118,PRDER,33.2751373,-81.5769302,43.38332211995486,-32768.0,58.0,717435816163.5708
2019-04-25 11:05:49.507355,112,PRDER,33.2758461,-81.577954,30.59482595451484,-32768.0,30.0,143375334516.51443
2019-04-25 11:05:49.642838,112,PRDER,33.2758542,-81.5779732,30.641344537379517,-32768.0,30.0,143375741218.2127
2019-04-25 11:05:49.723263,118,PRDER,33.2751232,-81.5769173,43.38332211995486,-32768.0,58.0,717435816163.5708
2019-04-25 11:05:49.855616,121,PRDER,33.275076,-81.5768689,45.35373178408777,-32768.0,40.0,348510679185.03955
2019-04-25 11:05:49.937964,112,PRDER,33.275857,-81.5779797,30.321459089006243,-32768.0,30.0,143372944542.02554
2019-04-25 11:05:50.018244,121,PRDER,33.2749864,-81.5767954,45.35373178408777,-32768.0,40.0,348510679185.03955
2019-04-25 11:05:50.155110,118,PRDER,33.2751145,-81.5769091,43.38332211995486,-32768.0,58.0,717435816163.5708
2019-04-25 11:05:50.237390,121,PRDER,33.2749824,-81.5767921,45.264517375584,-32768.0,40.0,348508784094.8826
2019-04-25 11:05:50.377182,112,PRDER,33.275863,-81.5779945,30.33680474844746,-32768.0,30.0,143373078704.5556
2019-04-25 11:05:50.464996,121,PRDER,33.2749745,-81.5767854,45.45233692044569,-32768.0,40.0,348512773758.7888
2019-04-25 11:05:50.550043,118,PRDER,33.2751011,-81.5768966,43.38332211995486,-32768.0,58.0,717435816163.5708
2019-04-25 11:05:50.689900,112,PRDER,33.2758707,-81.5780137,30.23095647790134,-32768.0,30.0,143372153305.92786
2019-04-25 11:05:50.775504,121,PRDER,33.274967,-81.5767791,45.42831575534925,-32768.0,40.0,348512263499.78125
2019-04-25 11:05:50.913145,112,PRDER,33.2758734,-81.5780208,30.412155669340265,-32768.0,29.0,122891774979.53658
2019-04-25 11:05:51.005682,118,PRDER,33.2750871,-81.5768834,43.38332211995486,-32768.0,58.0,717435816163.5708
2019-04-25 11:05:51.086095,112,PRDER,33.2758815,-81.5780418,30.33826275399381,-32768.0,29.0,122891221244.11465
2019-04-25 11:05:51.232524,118,PRDER,33.2750786,-81.5768753,43.38332211995486,-32768.0,58.0,717435816163.5708
2019-04-25 11:05:51.317752,118,PRDER,33.2750647,-81.5768623,43.38332211995486,-32768.0,56.0,676439483811.3668
2019-04-25 11:05:51.460144,118,PRDER,33.2750495,-81.5768485,43.38332211995486,-32768.0,56.0,676439483811.3668
2019-04-25 11:05:51.551193,121,PRDER,33.2749592,-81.5767723,45.07485753222556,-32768.0,36.0,266503636453.69025
2019-04-25 11:05:51.635061,121,PRDER,33.2749208,-81.5767384,45.11844359692078,-32768.0,36.0,266504344455.15024
2019-04-25 11:05:51.780883,118,PRDER,33.2750339,-81.5768343,43.38332211995486,-32768.0,56.0,676439483811.3668
2019-04-25 11:05:51.873112,121,PRDER,33.2749176,-81.5767356,45.11844359692078,-32768.0,36.0,266504344455.15024
2019-04-25 11:05:52.016614,121,PRDER,33.2749097,-81.5767287,45.230051690218936,-32768.0,37.0,287006631039.9366
2019-04-25 11:05:52.108449,112,PRDER,33.275887,-81.5780559,30.04882762687342,-32768.0,28.0,102407543583.43869
2019-04-25 11:05:52.254748,112,PRDER,33.2759124,-81.578118,30.146834240137846,-32768.0,28.0,102408155609.57277
2019-04-25 11:05:52.349869,121,PRDER,33.2749016,-81.5767217,45.2518490917954,-32768.0,37.0,287007012349.601
2019-04-25 11:05:52.436770,112,PRDER,33.275918,-81.5781319,30.154076896520543,-32768.0,28.0,102408200838.17473
2019-04-25 11:05:52.588385,121,PRDER,33.2748937,-81.5767147,44.6644019389183,-32768.0,37.0,286996736017.11066
2019-04-25 11:05:52.673540,112,PRDER,33.2759231,-81.5781448,30.074064781771387,-32768.0,28.0,102407701182.8159
2019-04-25 11:05:52.818034,121,PRDER,33.2748835,-81.5767057,45.119601418362016,-32768.0,37.0,287004698898.1131
2019-04-25 11:05:52.915048,112,PRDER,33.2759315,-81.5781662,29.836641228179058,-32768.0,27.0,81924974832.1033
2019-04-25 11:05:53.071931,121,PRDER,33.2748758,-81.5766988,45.318836622289844,-32768.0,37.0,287008184187.77814
2019-04-25 11:05:53.174417,112,PRDER,33.2759344,-81.5781737,29.977752229943047,-32768.0,27.0,81925679789.5835
2019-04-25 11:05:53.321565,121,PRDER,33.2748705,-81.5766941,45.55928779030118,-32768.0,40.0,348515045620.0165
2019-04-25 11:05:53.419396,112,PRDER,33.2759407,-81.5781901,30.039867260506135,-32768.0,27.0,81925990102.67422
2019-04-25 11:05:53.517244,118,PRDER,33.2750201,-81.5768217,43.38332211995486,-32768.0,55.0,655941317635.2648
2019-04-25 11:05:53.680996,118,PRDER,33.274975,-81.5767808,43.38332211995486,-32768.0,55.0,655941317635.2648
2019-04-25 11:05:53.780458,118,PRDER,33.2749639,-81.576771,43.38332211995486,-32768.0,55.0,655941317635.2648
2019-04-25 11:05:53.928856,112,PRDER,33.2759462,-81.5782048,29.96539760407249,-32768.0,27.0,81925618068.64815
2019-04-25 11:05:54.041582,112,PRDER,33.2759517,-81.5782197,29.93533540053422,-32768.0,27.0,81925467884.72992
2019-04-25 11:05:54.197169,118,PRDER,33.2749536,-81.5767618,43.38332211995486,-32768.0,55.0,655941317635.2648
2019-04-25 11:05:54.295918,112,PRDER,33.275957,-81.5782344,29.70356487948788,-32768.0,27.0,81924310016.64496
2019-04-25 11:05:54.452826,118,PRDER,33.2749367,-81.5767467,43.38332211995486,-32768.0,55.0,655941317635.2648
2019-04-25 11:05:54.552804,112,PRDER,33.2759622,-81.5782493,29.78882714695409,-32768.0,27.0,81924735964.85188
2019-04-25 11:05:54.717183,112,PRDER,33.2759671,-81.5782642,29.790118415465596,-32768.0,27.0,81924742415.70348
2019-04-25 11:05:54.821831,118,PRDER,33.2749207,-81.5767325,43.38332211995486,-32768.0,55.0,655941317635.2648
2019-04-25 11:05:54.979980,112,PRDER,33.2759719,-81.578279,29.84742247763808,-32768.0,27.0,81925028692.59082
2019-04-25 11:05:55.086559,118,PRDER,33.2749046,-81.5767181,43.38332211995486,-32768.0,55.0,655941317635.2648
2019-04-25 11:05:55.250319,112,PRDER,33.2759765,-81.5782938,29.74347027366306,-32768.0,27.0,81924509373.52167
2019-04-25 11:05:55.360934,112,PRDER,33.2759814,-81.5783099,29.829767670515643,-32768.0,27.0,81924940493.49828
2019-04-25 11:05:55.515613,118,PRDER,33.2748856,-81.5767009,43.38332211995486,-32768.0,55.0,655941317635.2648
2019-04-25 11:05:55.621269,112,PRDER,33.2759863,-81.5783256,29.899316795423985,-32768.0,27.0,81925287944.16808
2019-04-25 11:05:55.780127,118,PRDER,33.2748697,-81.5766864,43.38332211995486,-32768.0,51.0,573948652930.8567
2019-04-25 11:05:55.889763,112,PRDER,33.2759908,-81.5783391,29.857846948511853,-32768.0,27.0,81925080770.71661
2019-04-25 11:05:56.054779,112,PRDER,33.2759953,-81.578352,29.746396395463428,-32768.0,27.0,81924523991.6678
2019-04-25 11:05:56.165770,121,PRDER,33.2748583,-81.5766832,46.90915978589289,-32768.0,41.0,369046292161.14386
2019-04-25 11:05:56.330721,121,PRDER,33.2747627,-81.5766005,47.19591336721896,-32768.0,41.0,369052742022.566
2019-04-25 11:05:56.441705,118,PRDER,33.2748553,-81.5766731,43.38332211995486,-32768.0,51.0,573948652930.8567
2019-04-25 11:05:56.612704,121,PRDER,33.2747577,-81.5765964,47.28703991374585,-32768.0,41.0,369054791716.16833
2019-04-25 11:05:56.726664,121,PRDER,33.274747,-81.5765878,47.523514174382974,-32768.0,41.0,369060110717.2394
2019-04-25 11:05:56.889218,118,PRDER,33.2748448,-81.5766635,43.38332211995486,-32768.0,51.0,573948652930.8567
2019-04-25 11:05:56.997945,121,PRDER,33.2747383,-81.5765808,47.20493391547291,-32768.0,41.0,369052944919.9391
2019-04-25 11:05:57.168474,118,PRDER,33.2748233,-81.5766439,43.38332211995486,-32768.0,51.0,573948652930.8567
2019-04-25 11:05:57.276319,118,PRDER,33.2748072,-81.5766294,43.38332211995486,-32768.0,49.0,532952320578.65265
2019-04-25 11:05:57.447299,112,PRDER,33.2759993,-81.5783628,29.28291826586032,-32768.0,27.0,81922208591.31053
2019-04-25 11:05:57.555701,112,PRDER,33.276022,-81.5784198,29.28291826586032,-32768.0,27.0,81922208591.31053
2019-04-25 11:05:57.725691,118,PRDER,33.2747905,-81.5766142,43.38332211995486,-32768.0,49.0,532952320578.65265
2019-04-25 11:05:57.833112,112,PRDER,33.2760251,-81.5784269,29.092562391254656,-32768.0,25.0,40960628819.42603
2019-04-25 11:05:57.998848,118,PRDER,33.2747724,-81.5765979,43.38332211995486,-32768.0,49.0,532952320578.65265
2019-04-25 11:05:58.160493,112,PRDER,33.2760308,-81.57844,29.252341059645588,-32768.0,25.0,40961027918.86807
2019-04-25 11:05:58.273884,112,PRDER,33.2760361,-81.5784522,29.19308567977671,-32768.0,25.0,40960879908.96461
2019-04-25 11:05:58.446491,118,PRDER,33.274761,-81.5765877,43.38332211995486,-32768.0,41.0,368966991169.8364
2019-04-25 11:05:58.559546,112,PRDER,33.2760435,-81.5784692,29.312391690650813,-32768.0,25.0,40961177915.447014
2019-04-25 11:05:58.735577,118,PRDER,33.2747382,-81.5765671,43.38332211995486,-32768.0,41.0,368966991169.8364
2019-04-25 11:05:58.846163,118,PRDER,33.2747235,-81.5765535,43.38332211995486,-32768.0,41.0,368966991169.8364
2019-04-25 11:05:59.010886,118,PRDER,33.2747112,-81.5765419,43.38332211995486,-32768.0,41.0,368966991169.8364
2019-04-25 11:05:59.127801,118,PRDER,33.2746946,-81.5765261,43.38332211995486,-32768.0,33.0,204981661761.02023
2019-04-25 11:05:59.306430,112,PRDER,33.2760461,-81.5784753,29.660055668320044,-32768.0,23.0,0.0
2019-04-25 11:05:59.480593,112,PRDER,33.2760717,-81.5785358,29.660055668320044,-32768.0,23.0,0.0
2019-04-25 11:05:59.602036,118,PRDER,33.274678,-81.5765103,43.38332211995486,-32768.0,33.0,204981661761.02023
2019-04-25 11:05:59.782706,112,PRDER,33.276074,-81.5785413,29.533581406105192,-32768.0,22.0,0.0
2019-04-25 11:05:59.899493,112,PRDER,33.2760783,-81.5785519,29.85952128123309,-32768.0,22.0,0.0
2019-04-25 11:06:00.074606,118,PRDER,33.2746616,-81.5764947,43.38332211995486,-32768.0,33.0,204981661761.02023
2019-04-25 11:06:00.190630,112,PRDER,33.2760828,-81.578563,29.927963493478643,-32768.0,22.0,0.0
2019-04-25 11:06:00.376901,118,PRDER,33.2746452,-81.5764794,43.38332211995486,-32768.0,31.0,163985329408.8162
2019-04-25 11:06:00.554283,112,PRDER,33.2760861,-81.5785715,30.089187164835003,-32768.0,22.0,0.0
2019-04-25 11:06:00.675207,112,PRDER,33.2760894,-81.57858,29.866893717524494,-32768.0,22.0,0.0
2019-04-25 11:06:00.857617,118,PRDER,33.2746282,-81.5764637,43.38332211995486,-32768.0,31.0,163985329408.8162
2019-04-25 11:06:00.990207,112,PRDER,33.2760922,-81.5785879,29.833201561304747,-32768.0,22.0,0.0
2019-04-25 11:06:01.178993,118,PRDER,33.2746189,-81.5764551,43.38332211995486,-32768.0,31.0,163985329408.8162
2019-04-25 11:06:01.302689,118,PRDER,33.2745984,-81.5764364,43.38332211995486,-32768.0,28.0,102490830880.51012
2019-04-25 11:06:01.487136,118,PRDER,33.2745863,-81.5764254,43.38332211995486,-32768.0,28.0,102490830880.51012
2019-04-25 11:06:01.666215,118,PRDER,33.2745772,-81.5764173,43.38332211995486,-32768.0,28.0,102490830880.51012
2019-04-25 11:06:01.798475,112,PRDER,33.2760947,-81.5785951,30.454523460806655,-32768.0,22.0,0.0
2019-04-25 11:06:01.979883,112,PRDER,33.2761064,-81.5786267,30.394593273609267,-32768.0,22.0,0.0
2019-04-25 11:06:02.099456,118,PRDER,33.2745654,-81.5764065,43.38332211995486,-32768.0,28.0,102490830880.51012
2019-04-25 11:06:02.287132,112,PRDER,33.2761083,-81.5786323,30.609426705234377,-32768.0,22.0,0.0
2019-04-25 11:06:02.462813,112,PRDER,33.2761092,-81.578635,30.664344231111933,-32768.0,22.0,0.0
2019-04-25 11:06:02.594876,118,PRDER,33.2745537,-81.5763961,43.38332211995486,-32768.0,27.0,81992664704.4081
2019-04-25 11:06:02.783517,112,PRDER,33.2761106,-81.57864,30.6599253489936,-32768.0,22.0,0.0
2019-04-25 11:06:02.915626,112,PRDER,33.2761118,-81.5786446,30.82494519249193,-32768.0,22.0,0.0
2019-04-25 11:06:03.098735,112,PRDER,33.2761129,-81.5786486,30.936561792520347,-32768.0,23.0,0.0
2019-04-25 11:06:03.279538,112,PRDER,33.2761138,-81.5786521,30.999651626666783,-32768.0,23.0,0.0
2019-04-25 11:06:03.411684,112,PRDER,33.2761149,-81.5786554,31.029605359617975,-32768.0,23.0,0.0
2019-04-25 11:06:03.595129,112,PRDER,33.2761156,-81.5786578,31.0040686376719,-32768.0,23.0,0.0
2019-04-25 11:06:03.783615,112,PRDER,33.2761165,-81.5786607,31.18271859798812,-32768.0,23.0,0.0
2019-04-25 11:06:03.919363,118,PRDER,33.2745416,-81.5763857,43.38332211995486,-32768.0,28.0,102490830880.51012
2019-04-25 11:06:04.125619,118,PRDER,33.2745071,-81.5763555,43.38332211995486,-32768.0,28.0,102490830880.51012
2019-04-25 11:06:04.261330,118,PRDER,33.2745045,-81.5763533,43.38332211995486,-32768.0,26.0,61494498528.306076
2019-04-25 11:06:04.462979,112,PRDER,33.2761172,-81.5786629,31.61484165471087,-32768.0,23.0,0.0
2019-04-25 11:06:04.650370,118,PRDER,33.2744692,-81.5763244,43.38332211995486,-32768.0,26.0,61494498528.306076
2019-04-25 11:06:04.778915,112,PRDER,33.2761199,-81.5786739,31.61484165471087,-32768.0,23.0,0.0
2019-04-25 11:06:04.972963,118,PRDER,33.2744656,-81.5763216,43.38332211995486,-32768.0,26.0,61494498528.306076
2019-04-25 11:06:05.175802,112,PRDER,33.2761205,-81.5786758,31.94730390951404,-32768.0,23.0,0.0
2019-04-25 11:06:05.308548,118,PRDER,33.2744602,-81.5763174,43.38332211995486,-32768.0,28.0,102490830880.51012
2019-04-25 11:06:05.496775,121,PRDER,33.274728,-81.5765726,49.96756311216753,-32768.0,24.0,20506393711.426384
2019-04-25 11:06:05.693337,112,PRDER,33.2761208,-81.5786777,31.948479911438337,-32768.0,23.0,0.0
2019-04-25 11:06:05.830465,118,PRDER,33.2744516,-81.5763109,43.38332211995486,-32768.0,28.0,102490830880.51012
2019-04-25 11:06:06.032916,118,PRDER,33.2744441,-81.5763054,43.38332211995486,-32768.0,28.0,102490830880.51012
2019-04-25 11:06:06.225405,118,PRDER,33.2744396,-81.5763019,43.38332211995486,-32768.0,28.0,102490830880.51012
2019-04-25 11:06:06.366677,118,PRDER,33.2744319,-81.5762962,43.38332211995486,-32768.0,28.0,102490830880.51012
2019-04-25 11:06:06.578529,112,PRDER,33.2761211,-81.5786795,32.48808156092503,-32768.0,24.0,20484555328.318264
2019-04-25 11:06:06.774673,112,PRDER,33.2761231,-81.5786833,32.48808156092503,-32768.0,24.0,20484555328.318264
2019-04-25 11:06:06.918624,112,PRDER,33.2761233,-81.5786834,32.557570557874776,-32768.0,24.0,20484642122.923687
2019-04-25 11:06:07.125625,112,PRDER,33.2761237,-81.5786837,32.60691669702901,-32768.0,24.0,20484703758.38576
2019-04-25 11:06:07.328707,112,PRDER,33.276124,-81.5786839,32.78912986041938,-32768.0,24.0,20484931351.311108
2019-04-25 11:06:07.469561,112,PRDER,33.2761242,-81.5786841,33.08782849818625,-32768.0,24.0,20485304442.88067
2019-04-25 11:06:07.676768,112,PRDER,33.2761242,-81.5786841,33.274755904057315,-32768.0,24.0,20485537927.55954
2019-04-25 11:06:07.874225,112,PRDER,33.2761241,-81.578684,33.14842198254195,-32768.0,24.0,20485380127.99985
2019-04-25 11:06:08.022858,118,PRDER,33.2744251,-81.5762914,43.38332211995486,-32768.0,27.0,81992664704.4081
2019-04-25 11:06:08.227009,118,PRDER,33.2744038,-81.576276,43.38332211995486,-32768.0,27.0,81992664704.4081
2019-04-25 11:06:08.432071,112,PRDER,33.2761237,-81.5786835,33.44536689282807,-32768.0,24.0,20485751033.116974
2019-04-25 11:06:08.572382,118,PRDER,33.2744,-81.5762731,43.38332211995486,-32768.0,27.0,81992664704.4081
2019-04-25 11:06:08.779894,118,PRDER,33.2743883,-81.5762631,43.38332211995486,-32768.0,27.0,81992664704.4081
2019-04-25 11:06:08.983166,118,PRDER,33.2743877,-81.5762625,43.38332211995486,-32768.0,27.0,81992664704.4081
2019-04-25 11:06:09.183416,112,PRDER,33.2761233,-81.5786827,33.19194419226335,-32768.0,23.0,0.0
2019-04-25 11:06:09.328781,112,PRDER,33.2761197,-81.5786751,33.0571632417914,-32768.0,23.0,0.0
2019-04-25 11:06:09.546942,112,PRDER,33.2761186,-81.5786732,32.76852809651734,-32768.0,23.0,0.0
2019-04-25 11:06:09.758605,118,PRDER,33.2743862,-81.5762616,43.38332211995486,-32768.0,27.0,81992664704.4081
2019-04-25 11:06:09.911380,112,PRDER,33.2761176,-81.5786716,33.16755684684124,-32768.0,23.0,0.0
2019-04-25 11:06:10.128489,118,PRDER,33.2743848,-81.5762611,43.38332211995486,-32768.0,27.0,81992664704.4081
2019-04-25 11:06:10.353869,118,PRDER,33.2743835,-81.5762608,43.38332211995486,-32768.0,27.0,81992664704.4081
2019-04-25 11:06:10.507073,112,PRDER,33.2761164,-81.57867,33.18195848279536,-32768.0,23.0,0.0
2019-04-25 11:06:10.720602,112,PRDER,33.2761107,-81.5786645,33.17205933050335,-32768.0,23.0,0.0
2019-04-25 11:06:10.933792,112,PRDER,33.2761093,-81.5786636,33.12851832478562,-32768.0,22.0,0.0
2019-04-25 11:06:11.157270,112,PRDER,33.2761085,-81.5786632,33.51478181152111,-32768.0,22.0,0.0
2019-04-25 11:06:11.317623,112,PRDER,33.2761069,-81.5786624,33.159292081051234,-32768.0,22.0,0.0
2019-04-25 11:06:11.533579,118,PRDER,33.2743824,-81.5762604,43.38332211995486,-32768.0,25.0,40996332352.20405
2019-04-25 11:06:11.754054,118,PRDER,33.2743786,-81.5762586,43.38332211995486,-32768.0,25.0,40996332352.20405
2019-04-25 11:06:11.971826,112,PRDER,33.2761039,-81.5786608,33.159292081051234,-32768.0,22.0,0.0
2019-04-25 11:06:12.139303,118,PRDER,33.2743779,-81.5762582,43.38332211995486,-32768.0,25.0,40996332352.20405
2019-04-25 11:06:12.365832,112,PRDER,33.2761004,-81.5786586,33.159292081051234,-32768.0,23.0,0.0
2019-04-25 11:06:12.593963,118,PRDER,33.2743775,-81.5762578,43.38332211995486,-32768.0,25.0,40996332352.20405
2019-04-25 11:06:12.751917,112,PRDER,33.2760965,-81.5786557,33.159292081051234,-32768.0,23.0,0.0
2019-04-25 11:06:12.964953,112,PRDER,33.2760938,-81.5786537,32.965010328450255,-32768.0,23.0,0.0
2019-04-25 11:06:13.167890,112,PRDER,33.2760908,-81.5786513,32.9864937881868,-32768.0,23.0,0.0
2019-04-25 11:06:13.393791,112,PRDER,33.2760876,-81.5786487,32.92349620751754,-32768.0,23.0,0.0
2019-04-25 11:06:13.553503,112,PRDER,33.2760841,-81.5786459,32.81402598109808,-32768.0,22.0,0.0
2019-04-25 11:06:13.784860,112,PRDER,33.2760797,-81.5786424,32.78568334553582,-32768.0,22.0,0.0
2019-04-25 11:06:14.000652,112,PRDER,33.2760756,-81.5786392,33.027593589792716,-32768.0,22.0,0.0
2019-04-25 11:06:14.222388,112,PRDER,33.2760719,-81.5786362,32.60430858336423,-32768.0,22.0,0.0
2019-04-25 11:06:14.376314,112,PRDER,33.2760678,-81.5786328,32.958112086704276,-32768.0,22.0,0.0
2019-04-25 11:06:14.601697,112,PRDER,33.276063,-81.578629,32.86454463521191,-32768.0,21.0,0.0
2019-04-25 11:06:14.824181,112,PRDER,33.2760586,-81.5786255,32.72943302230552,-32768.0,21.0,0.0
2019-04-25 11:06:15.055075,112,PRDER,33.2760541,-81.5786219,32.796013287321536,-32768.0,21.0,0.0
2019-04-25 11:06:15.274051,112,PRDER,33.2760494,-81.5786181,33.110119448317384,-32768.0,21.0,0.0
2019-04-25 11:06:15.438811,112,PRDER,33.2760446,-81.5786141,32.59956937769387,-32768.0,21.0,0.0
2019-04-25 11:06:15.667769,112,PRDER,33.2760396,-81.57861,32.75480263729858,-32768.0,21.0,0.0
2019-04-25 11:06:15.891460,112,PRDER,33.2760342,-81.5786058,32.66798956515525,-32768.0,21.0,0.0
2019-04-25 11:06:16.106104,112,PRDER,33.2760288,-81.5786016,32.712628387413176,-32768.0,21.0,0.0
2019-04-25 11:06:16.278427,112,PRDER,33.2760233,-81.5785972,32.68762567547579,-32768.0,21.0,0.0
2019-04-25 11:06:16.513947,112,PRDER,33.2760178,-81.5785925,32.77316167744714,-32768.0,20.0,0.0
2019-04-25 11:06:16.736347,112,PRDER,33.2760121,-81.578587,32.666793824924,-32768.0,20.0,0.0
2019-04-25 11:06:16.963076,112,PRDER,33.2760096,-81.5785845,32.63188788786282,-32768.0,21.0,0.0
2019-04-25 11:06:17.187772,112,PRDER,33.2759826,-81.5785548,32.76508541878204,-32768.0,21.0,0.0
2019-04-25 11:06:17.359742,112,PRDER,33.2759826,-81.5785548,32.755266693753946,-32768.0,21.0,0.0
2019-04-25 11:06:17.599093,112,PRDER,33.2759763,-81.5785484,32.795486787198485,-32768.0,21.0,0.0
2019-04-25 11:06:17.816209,112,PRDER,33.2759704,-81.5785427,32.66927859163299,-32768.0,21.0,0.0
2019-04-25 11:06:18.050900,112,PRDER,33.275961,-81.5785342,32.63595204673216,-32768.0,21.0,0.0
2019-04-25 11:06:18.285500,112,PRDER,33.2759576,-81.5785313,32.7203678884368,-32768.0,22.0,0.0
2019-04-25 11:06:18.474937,112,PRDER,33.2759508,-81.5785257,33.025942662602176,-32768.0,22.0,0.0
2019-04-25 11:06:18.714869,112,PRDER,33.2759442,-81.5785203,33.021011964115374,-32768.0,22.0,0.0
2019-04-25 11:06:18.938091,112,PRDER,33.2759372,-81.5785146,33.08893548823746,-32768.0,22.0,0.0
2019-04-25 11:06:19.176062,112,PRDER,33.2759302,-81.5785088,33.06968356627672,-32768.0,22.0,0.0
2019-04-25 11:06:19.409393,112,PRDER,33.2759194,-81.5784999,33.0125995836987,-32768.0,21.0,0.0
2019-04-25 11:06:19.578217,112,PRDER,33.2759158,-81.5784969,33.26555075122987,-32768.0,21.0,0.0
2019-04-25 11:06:19.825193,118,PRDER,33.2743774,-81.5762578,43.38332211995486,-32768.0,26.0,61494498528.306076
2019-04-25 11:06:20.052903,112,PRDER,33.2759085,-81.5784907,33.09795326003395,-32768.0,21.0,0.0
2019-04-25 11:06:20.283319,112,PRDER,33.275901,-81.5784844,33.171414618552895,-32768.0,21.0,0.0
2019-04-25 11:06:20.520774,112,PRDER,33.2758934,-81.5784778,33.24270245712364,-32768.0,21.0,0.0
2019-04-25 11:06:20.755353,112,PRDER,33.2758857,-81.5784709,33.61150328782415,-32768.0,23.0,0.0
2019-04-25 11:06:20.942559,112,PRDER,33.2758782,-81.5784637,33.31681467928577,-32768.0,23.0,0.0
2019-04-25 11:06:21.188997,112,PRDER,33.2758706,-81.5784563,33.47805195325618,-32768.0,23.0,0.0
2019-04-25 11:06:21.423350,112,PRDER,33.2758629,-81.5784489,33.51505842056568,-32768.0,23.0,0.0
2019-04-25 11:06:21.660406,112,PRDER,33.2758551,-81.5784413,33.50806401265837,-32768.0,23.0,0.0
2019-04-25 11:06:21.889602,112,PRDER,33.2758472,-81.5784335,33.76884997470041,-32768.0,22.0,0.0
2019-04-25 11:06:22.126333,112,PRDER,33.2758392,-81.5784256,33.67042394039637,-32768.0,22.0,0.0
2019-04-25 11:06:22.286756,112,PRDER,33.2758294,-81.5784161,33.63153334512498,-32768.0,22.0,0.0
2019-04-25 11:06:22.533189,112,PRDER,33.2758212,-81.5784083,33.61300702926408,-32768.0,22.0,0.0
2019-04-25 11:06:22.771568,112,PRDER,33.2758129,-81.5784006,34.323809396447835,-32768.0,22.0,0.0
2019-04-25 11:06:23.015218,112,PRDER,33.275769,-81.5783622,34.13646312281023,-32768.0,22.0,0.0
2019-04-25 11:06:23.270661,112,PRDER,33.2757656,-81.5783591,34.00675051191957,-32768.0,22.0,0.0
2019-04-25 11:06:23.516336,112,PRDER,33.2757166,-81.5783149,34.00675051191957,-32768.0,22.0,0.0
