2019-04-24 14:05:32.129237,112,PRDER,33.2750062,-81.5752452,0.0,-32768.0,0.0,0.0
2019-04-24 14:05:32.421944,112,PRDER,33.2756526,-81.5774178,25.81535747810398,-32768.0,46.0,470953098617.4969
2019-04-24 14:05:32.520823,112,PRDER,33.2756513,-81.5774186,26.042713345594162,-32768.0,46.0,470959628770.8374
2019-04-24 14:05:32.710262,112,PRDER,33.2756492,-81.5774201,25.708070029393106,-32768.0,46.0,470950017105.1319
2019-04-24 14:05:33.004928,112,PRDER,33.2756463,-81.5774228,25.708070029393106,-32768.0,46.0,470950017105.1319
2019-04-24 14:05:33.309045,112,PRDER,33.2756449,-81.5774259,25.708070029393106,-32768.0,44.0,429997841704.6856
2019-04-24 14:05:33.604729,112,PRDER,33.275645,-81.5774291,25.708070029393106,-32768.0,44.0,429997841704.6856
2019-04-24 14:05:34.116115,112,PRDER,33.2756464,-81.5774327,25.708070029393106,-32768.0,44.0,429997841704.6856
2019-04-24 14:05:34.211049,112,PRDER,33.2756486,-81.5774369,25.708070029393106,-32768.0,45.0,450473929404.90875
2019-04-24 14:05:34.504661,112,PRDER,33.2756516,-81.5774411,25.708070029393106,-32768.0,45.0,450473929404.90875
2019-04-24 14:05:34.803962,112,PRDER,33.2756541,-81.5774443,25.708070029393106,-32768.0,45.0,450473929404.90875
2019-04-24 14:05:35.104307,112,PRDER,33.275657,-81.5774465,25.708070029393106,-32768.0,45.0,450473929404.90875
2019-04-24 14:05:35.305902,112,PRDER,33.2756587,-81.5774477,25.708070029393106,-32768.0,45.0,450473929404.90875
2019-04-24 14:05:35.604338,112,PRDER,33.2756612,-81.5774497,25.708070029393106,-32768.0,45.0,450473929404.90875
2019-04-24 14:05:35.904627,112,PRDER,33.2756633,-81.577453,25.708070029393106,-32768.0,45.0,450473929404.90875
2019-04-24 14:05:36.204148,112,PRDER,33.2756651,-81.5774582,25.708070029393106,-32768.0,45.0,450473929404.90875
2019-04-24 14:05:36.406955,112,PRDER,33.2756661,-81.5774623,25.708070029393106,-32768.0,45.0,450473929404.90875
2019-04-24 14:05:36.708232,112,PRDER,33.2756677,-81.5774692,25.708070029393106,-32768.0,45.0,450473929404.90875
2019-04-24 14:05:36.905187,112,PRDER,33.2756689,-81.5774748,25.708070029393106,-32768.0,45.0,450473929404.90875
2019-04-24 14:05:37.204386,112,PRDER,33.2756711,-81.5774845,25.708070029393106,-32768.0,44.0,429997841704.6856
2019-04-24 14:05:37.504480,112,PRDER,33.2756738,-81.5774953,25.708070029393106,-32768.0,44.0,429997841704.6856
2019-04-24 14:05:37.819108,112,PRDER,33.2756766,-81.5775069,25.708070029393106,-32768.0,44.0,429997841704.6856
2019-04-24 14:05:38.346197,112,PRDER,33.2756798,-81.5775187,25.708070029393106,-32768.0,43.0,409521754004.4625
2019-04-24 14:05:38.815962,112,PRDER,33.2756823,-81.5775275,25.708070029393106,-32768.0,43.0,409521754004.4625
2019-04-24 14:05:38.891188,112,PRDER,33.2756883,-81.577547,25.708070029393106,-32768.0,43.0,409521754004.4625
2019-04-24 14:05:39.022118,112,PRDER,33.275691,-81.5775553,25.708070029393106,-32768.0,43.0,409521754004.4625
2019-04-24 14:05:39.321829,112,PRDER,33.2756951,-81.5775684,25.708070029393106,-32768.0,41.0,368569578604.01624
2019-04-24 14:05:39.625834,112,PRDER,33.2756989,-81.5775811,25.708070029393106,-32768.0,41.0,368569578604.01624
2019-04-24 14:05:39.963568,112,PRDER,33.275703,-81.5775942,25.708070029393106,-32768.0,41.0,368569578604.01624
2019-04-24 14:05:40.431175,112,PRDER,33.275706,-81.5776036,25.708070029393106,-32768.0,42.0,389045666304.2394
2019-04-24 14:05:40.814531,112,PRDER,33.2757109,-81.5776179,25.708070029393106,-32768.0,42.0,389045666304.2394
2019-04-24 14:05:40.835736,112,PRDER,33.2757175,-81.5776355,25.708070029393106,-32768.0,42.0,389045666304.2394
2019-04-24 14:05:41.022116,112,PRDER,33.2757193,-81.5776403,25.708070029393106,-32768.0,42.0,389045666304.2394
2019-04-24 14:05:42.329774,112,PRDER,33.2757246,-81.5776544,25.708070029393106,-32768.0,41.0,368569578604.01624
2019-04-24 14:05:52.145914,112,PRDER,33.2750062,-81.5752452,0.0,-32768.0,0.0,0.0
2019-04-24 14:05:52.443177,112,PRDER,33.2757923,-81.5778455,0.0,-32768.0,26.0,61331989566.00917
2019-04-24 14:05:52.743016,112,PRDER,33.2757942,-81.5778458,0.0,-32768.0,26.0,61331989566.00917
2019-04-24 14:05:52.933637,112,PRDER,33.2757949,-81.5778461,0.0,-32768.0,26.0,61331989566.00917
2019-04-24 14:05:53.237897,112,PRDER,33.2757983,-81.5778486,0.0,-32768.0,27.0,81775986088.01222
2019-04-24 14:05:53.534806,112,PRDER,33.2758001,-81.5778503,0.0,-32768.0,27.0,81775986088.01222
2019-04-24 14:05:53.839424,112,PRDER,33.2758031,-81.5778532,0.0,-32768.0,27.0,81775986088.01222
2019-04-24 14:05:54.151605,112,PRDER,33.2758065,-81.5778564,0.0,-32768.0,27.0,81775986088.01222
2019-04-24 14:05:54.338928,112,PRDER,33.27581,-81.5778605,0.0,-32768.0,28.0,102219982610.01529
2019-04-24 14:05:54.639128,112,PRDER,33.2758136,-81.5778655,0.0,-32768.0,28.0,102219982610.01529
2019-04-24 14:05:54.935873,112,PRDER,33.275817,-81.5778709,0.0,-32768.0,28.0,102219982610.01529
2019-04-24 14:05:55.232324,112,PRDER,33.2758189,-81.577875,0.0,-32768.0,27.0,81775986088.01222
2019-04-24 14:05:55.442649,112,PRDER,33.2758202,-81.5778787,0.0,-32768.0,27.0,81775986088.01222
2019-04-24 14:05:55.744486,112,PRDER,33.2758215,-81.5778844,0.0,-32768.0,27.0,81775986088.01222
2019-04-24 14:05:55.833980,112,PRDER,33.2758224,-81.5778892,27.28,-32768.0,27.0,81912202977.24083
2019-04-24 14:05:56.046906,112,PRDER,33.2758228,-81.5778918,26.658344457316936,-32768.0,27.0,81909097610.10432
2019-04-24 14:05:56.235741,112,PRDER,33.2758239,-81.5778972,26.855664139578423,-32768.0,27.0,81910083278.29257
2019-04-24 14:05:56.436350,112,PRDER,33.2758257,-81.5779057,27.085602346999217,-32768.0,27.0,81911231892.81546
2019-04-24 14:05:56.631457,112,PRDER,33.2758264,-81.5779088,26.606570086426288,-32768.0,27.0,81908838983.31169
2019-04-24 14:05:56.835557,112,PRDER,33.275828,-81.5779148,26.574834152073556,-32768.0,27.0,81908680454.05637
2019-04-24 14:05:56.931417,112,PRDER,33.2758289,-81.5779175,26.893811906337007,-32768.0,27.0,81910273837.97069
2019-04-24 14:05:57.133992,112,PRDER,33.2758316,-81.5779255,26.668364125361165,-32768.0,27.0,81909147661.06595
2019-04-24 14:05:57.340973,112,PRDER,33.2758325,-81.577928,26.604685212713694,-32768.0,27.0,81908829567.87242
2019-04-24 14:05:57.532460,112,PRDER,33.275834,-81.5779335,26.470130259730922,-32768.0,27.0,81908157431.93988
2019-04-24 14:05:57.732088,112,PRDER,33.2758358,-81.577941,26.276930880170653,-32768.0,27.0,81907192357.1257
2019-04-24 14:05:57.864710,112,PRDER,33.2758358,-81.577941,26.36800560486126,-32768.0,27.0,81907647295.36801
2019-04-24 14:05:57.931731,112,PRDER,33.2758367,-81.5779447,26.710694486368478,-32768.0,27.0,81909359112.87814
2019-04-24 14:05:58.130667,112,PRDER,33.2758384,-81.577951,25.76993639677116,-32768.0,27.0,81904659831.48001
2019-04-24 14:05:58.334871,112,PRDER,33.275841,-81.5779588,26.041361566539294,-32768.0,26.0,61429511731.914635
2019-04-24 14:05:58.531580,112,PRDER,33.2758442,-81.5779674,25.842531538659244,-32768.0,26.0,61428766840.83097
2019-04-24 14:05:58.743691,112,PRDER,33.2758479,-81.5779765,26.02597625799668,-32768.0,26.0,61429454092.677086
2019-04-24 14:05:58.833366,112,PRDER,33.2758498,-81.5779811,26.252163018934745,-32768.0,26.0,61430301477.33027
2019-04-24 14:05:58.941700,112,PRDER,33.275854,-81.5779906,25.61609739512796,-32768.0,26.0,61427918539.98467
2019-04-24 14:05:59.135136,112,PRDER,33.2758562,-81.5779953,25.853453681798197,-32768.0,26.0,61428807759.11588
2019-04-24 14:05:59.233626,112,PRDER,33.2758584,-81.578,25.890255391154916,-32768.0,28.0,102381576052.80675
2019-04-24 14:05:59.435232,112,PRDER,33.2758627,-81.5780093,26.08592405957702,-32768.0,28.0,102382797800.2887
2019-04-24 14:05:59.630721,112,PRDER,33.2758673,-81.5780199,26.027029004888714,-32768.0,28.0,102382430061.1131
2019-04-24 14:05:59.830515,112,PRDER,33.2758706,-81.5780276,25.91966642653912,-32768.0,28.0,102381759693.69125
2019-04-24 14:06:01.032885,112,PRDER,33.2758743,-81.578037,24.84678981241046,-32768.0,29.0,122850072981.36172
2019-04-24 14:06:01.054291,112,PRDER,33.2758928,-81.5780849,24.84678981241046,-32768.0,29.0,122850072981.36172
2019-04-24 14:06:14.766912,112,PRDER,33.2750062,-81.5752452,0.0,-32768.0,0.0,0.0
2019-04-24 14:06:14.943310,112,PRDER,33.2758891,-81.5781189,26.277428179120474,-32768.0,24.0,20476798710.30992
2019-04-24 14:06:15.039318,112,PRDER,33.2758871,-81.5781161,26.589737831699388,-32768.0,24.0,20477188725.449387
2019-04-24 14:06:15.139199,112,PRDER,33.2758832,-81.5781116,26.540841660622338,-32768.0,24.0,20477127663.220234
2019-04-24 14:06:15.239518,112,PRDER,33.2758832,-81.5781116,25.894043369524802,-32768.0,24.0,20476319940.945152
2019-04-24 14:06:15.340952,112,PRDER,33.2758811,-81.5781095,26.083223929829757,-32768.0,24.0,20476556188.147003
2019-04-24 14:06:15.646060,112,PRDER,33.2758751,-81.5781045,26.083223929829757,-32768.0,24.0,20476556188.147003
2019-04-24 14:06:15.841539,112,PRDER,33.2758714,-81.5781016,26.083223929829757,-32768.0,24.0,20476556188.147003
2019-04-24 14:06:16.144162,112,PRDER,33.275865,-81.5780952,26.083223929829757,-32768.0,24.0,20476556188.147003
2019-04-24 14:06:16.441494,112,PRDER,33.2758616,-81.5780902,26.083223929829757,-32768.0,25.0,40953112376.29401
2019-04-24 14:06:16.739695,112,PRDER,33.2758586,-81.5780841,26.083223929829757,-32768.0,25.0,40953112376.29401
2019-04-24 14:06:16.990021,112,PRDER,33.2758577,-81.5780819,26.083223929829757,-32768.0,25.0,40953112376.29401
2019-04-24 14:06:17.139489,112,PRDER,33.2758558,-81.5780772,26.083223929829757,-32768.0,25.0,40953112376.29401
2019-04-24 14:06:17.440268,112,PRDER,33.275854,-81.578071,26.083223929829757,-32768.0,26.0,61429668564.44101
2019-04-24 14:06:17.740788,112,PRDER,33.2758537,-81.5780645,26.083223929829757,-32768.0,26.0,61429668564.44101
2019-04-24 14:06:17.958907,112,PRDER,33.2758537,-81.5780578,26.083223929829757,-32768.0,26.0,61429668564.44101
2019-04-24 14:06:18.144060,112,PRDER,33.2758536,-81.5780551,26.083223929829757,-32768.0,26.0,61429668564.44101
2019-04-24 14:06:18.441939,112,PRDER,33.2758527,-81.5780466,26.083223929829757,-32768.0,25.0,40953112376.29401
2019-04-24 14:06:18.744465,112,PRDER,33.275851,-81.5780383,26.083223929829757,-32768.0,25.0,40953112376.29401
2019-04-24 14:06:19.060004,112,PRDER,33.2758488,-81.5780298,26.083223929829757,-32768.0,25.0,40953112376.29401
2019-04-24 14:06:19.341060,112,PRDER,33.2758464,-81.5780215,26.083223929829757,-32768.0,26.0,61429668564.44101
2019-04-24 14:06:19.641134,112,PRDER,33.2758441,-81.5780148,26.083223929829757,-32768.0,26.0,61429668564.44101
2019-04-24 14:06:19.844454,112,PRDER,33.2758427,-81.578011,26.083223929829757,-32768.0,26.0,61429668564.44101
2019-04-24 14:06:20.142160,112,PRDER,33.2758407,-81.5780064,26.083223929829757,-32768.0,26.0,61429668564.44101
2019-04-24 14:06:20.440131,112,PRDER,33.2758388,-81.5780025,26.083223929829757,-32768.0,26.0,61429668564.44101
2019-04-24 14:06:20.739783,112,PRDER,33.2758373,-81.5779992,26.083223929829757,-32768.0,26.0,61429668564.44101
2019-04-24 14:06:20.938857,112,PRDER,33.2758366,-81.5779976,26.083223929829757,-32768.0,26.0,61429668564.44101
2019-04-24 14:06:21.143924,112,PRDER,33.2758361,-81.5779961,26.083223929829757,-32768.0,26.0,61429668564.44101
2019-04-24 14:06:21.441915,112,PRDER,33.2758358,-81.5779947,26.083223929829757,-32768.0,28.0,102382780940.73502
2019-04-24 14:06:21.750708,112,PRDER,33.2758359,-81.5779943,26.083223929829757,-32768.0,28.0,102382780940.73502
2019-04-24 14:06:21.940053,112,PRDER,33.2758364,-81.5779947,26.083223929829757,-32768.0,28.0,102382780940.73502
2019-04-24 14:06:22.242438,112,PRDER,33.2758372,-81.5779964,26.083223929829757,-32768.0,28.0,102382780940.73502
2019-04-24 14:06:22.542241,112,PRDER,33.2758382,-81.5779996,26.083223929829757,-32768.0,28.0,102382780940.73502
2019-04-24 14:06:22.843648,112,PRDER,33.2758397,-81.5780039,26.083223929829757,-32768.0,28.0,102382780940.73502
2019-04-24 14:06:23.145596,112,PRDER,33.2758416,-81.5780091,26.083223929829757,-32768.0,28.0,102382780940.73502
2019-04-24 14:06:23.439831,112,PRDER,33.2758431,-81.5780128,26.083223929829757,-32768.0,28.0,102382780940.73502
2019-04-24 14:06:23.739999,112,PRDER,33.2758455,-81.578019,26.083223929829757,-32768.0,28.0,102382780940.73502
2019-04-24 14:06:24.040955,112,PRDER,33.275848,-81.5780255,26.083223929829757,-32768.0,28.0,102382780940.73502
2019-04-24 14:06:24.340489,112,PRDER,33.2758505,-81.5780321,26.083223929829757,-32768.0,27.0,81906224752.58801
2019-04-24 14:06:24.543444,112,PRDER,33.2758522,-81.5780368,26.083223929829757,-32768.0,27.0,81906224752.58801
2019-04-24 14:06:24.843996,112,PRDER,33.2758552,-81.5780445,26.083223929829757,-32768.0,27.0,81906224752.58801
2019-04-24 14:06:25.150988,112,PRDER,33.2758582,-81.5780524,26.083223929829757,-32768.0,27.0,81906224752.58801
2019-04-24 14:06:25.348431,112,PRDER,33.2758606,-81.5780586,26.083223929829757,-32768.0,26.0,61429668564.44101
2019-04-24 14:06:25.544680,112,PRDER,33.2758631,-81.5780651,26.083223929829757,-32768.0,26.0,61429668564.44101
2019-04-24 14:06:25.840834,112,PRDER,33.2758672,-81.5780763,26.083223929829757,-32768.0,26.0,61429668564.44101
2019-04-24 14:06:26.140772,112,PRDER,33.2758706,-81.5780864,26.083223929829757,-32768.0,26.0,61429668564.44101
2019-04-24 14:06:26.439852,112,PRDER,33.2758746,-81.5780987,26.083223929829757,-32768.0,26.0,61429668564.44101
2019-04-24 14:06:26.650534,112,PRDER,33.2758774,-81.5781068,26.083223929829757,-32768.0,26.0,61429668564.44101
2019-04-24 14:06:26.939488,112,PRDER,33.275882,-81.5781191,26.083223929829757,-32768.0,26.0,61429668564.44101
2019-04-24 14:06:27.241718,112,PRDER,33.2758874,-81.5781328,26.083223929829757,-32768.0,25.0,40953112376.29401
2019-04-24 14:06:27.542449,112,PRDER,33.2758925,-81.5781452,26.083223929829757,-32768.0,25.0,40953112376.29401
2019-04-24 14:06:27.839097,112,PRDER,33.2758981,-81.5781584,26.083223929829757,-32768.0,25.0,40953112376.29401
2019-04-24 14:06:28.139632,112,PRDER,33.2759037,-81.578171,26.083223929829757,-32768.0,25.0,40953112376.29401
2019-04-24 14:06:28.343177,112,PRDER,33.2759062,-81.5781769,26.083223929829757,-32768.0,25.0,40953112376.29401
2019-04-24 14:06:28.639488,112,PRDER,33.2759117,-81.5781892,26.083223929829757,-32768.0,25.0,40953112376.29401
2019-04-24 14:06:28.939489,112,PRDER,33.2759174,-81.5782026,26.083223929829757,-32768.0,25.0,40953112376.29401
2019-04-24 14:06:29.240137,112,PRDER,33.2759232,-81.5782164,26.083223929829757,-32768.0,25.0,40953112376.29401
2019-04-24 14:06:29.441984,112,PRDER,33.2759293,-81.5782307,26.083223929829757,-32768.0,25.0,40953112376.29401
2019-04-24 14:06:29.645772,112,PRDER,33.2759314,-81.5782357,26.083223929829757,-32768.0,25.0,40953112376.29401
2019-04-24 14:06:29.943384,112,PRDER,33.2759382,-81.5782521,26.083223929829757,-32768.0,25.0,40953112376.29401
2019-04-24 14:06:30.240766,112,PRDER,33.2759444,-81.5782667,26.083223929829757,-32768.0,24.0,20476556188.147003
2019-04-24 14:06:30.543095,112,PRDER,33.2759519,-81.5782833,26.083223929829757,-32768.0,24.0,20476556188.147003
2019-04-24 14:06:30.839534,112,PRDER,33.275959,-81.578299,26.083223929829757,-32768.0,24.0,20476556188.147003
2019-04-24 14:06:31.040649,112,PRDER,33.2759634,-81.5783085,26.083223929829757,-32768.0,24.0,20476556188.147003
2019-04-24 14:06:31.343653,112,PRDER,33.2759709,-81.5783259,26.083223929829757,-32768.0,24.0,20476556188.147003
2019-04-24 14:06:31.639982,112,PRDER,33.2759771,-81.5783414,26.083223929829757,-32768.0,24.0,20476556188.147003
2019-04-24 14:06:31.970347,112,PRDER,33.2759833,-81.578358,26.083223929829757,-32768.0,24.0,20476556188.147003
2019-04-24 14:06:32.243122,112,PRDER,33.2759894,-81.5783746,26.083223929829757,-32768.0,24.0,20476556188.147003
2019-04-24 14:06:32.540013,112,PRDER,33.2759973,-81.5783969,26.083223929829757,-32768.0,24.0,20476556188.147003
2019-04-24 14:06:32.841603,112,PRDER,33.2760014,-81.5784086,26.083223929829757,-32768.0,24.0,20476556188.147003
2019-04-24 14:06:33.051012,112,PRDER,33.276005,-81.5784193,26.083223929829757,-32768.0,24.0,20476556188.147003
2019-04-24 14:06:33.343109,112,PRDER,33.2760109,-81.5784361,26.083223929829757,-32768.0,24.0,20476556188.147003
2019-04-24 14:06:33.539979,112,PRDER,33.2760154,-81.5784486,26.083223929829757,-32768.0,24.0,20476556188.147003
2019-04-24 14:06:33.749503,112,PRDER,33.2760197,-81.57846,26.083223929829757,-32768.0,24.0,20476556188.147003
2019-04-24 14:06:33.940000,112,PRDER,33.2760248,-81.5784723,26.083223929829757,-32768.0,24.0,20476556188.147003
2019-04-24 14:06:34.238917,112,PRDER,33.2760315,-81.5784872,26.083223929829757,-32768.0,25.0,40953112376.29401
2019-04-24 14:06:34.538880,112,PRDER,33.2760388,-81.5785021,26.083223929829757,-32768.0,25.0,40953112376.29401
2019-04-24 14:06:34.839492,112,PRDER,33.2760462,-81.578516,26.083223929829757,-32768.0,25.0,40953112376.29401
2019-04-24 14:06:35.039551,112,PRDER,33.2760508,-81.578525,26.083223929829757,-32768.0,25.0,40953112376.29401
2019-04-24 14:06:35.239604,112,PRDER,33.2760554,-81.578534,26.083223929829757,-32768.0,26.0,61429668564.44101
2019-04-24 14:06:35.539032,112,PRDER,33.276062,-81.5785475,26.083223929829757,-32768.0,26.0,61429668564.44101
2019-04-24 14:06:35.840729,112,PRDER,33.2760679,-81.5785611,26.083223929829757,-32768.0,26.0,61429668564.44101
2019-04-24 14:06:36.039776,112,PRDER,33.2760718,-81.5785703,26.083223929829757,-32768.0,26.0,61429668564.44101
2019-04-24 14:06:36.240485,112,PRDER,33.2760746,-81.5785773,26.083223929829757,-32768.0,24.0,20476556188.147003
2019-04-24 14:06:36.539238,112,PRDER,33.2760792,-81.5785875,26.083223929829757,-32768.0,24.0,20476556188.147003
2019-04-24 14:06:36.841111,112,PRDER,33.2760834,-81.5785971,26.083223929829757,-32768.0,24.0,20476556188.147003
2019-04-24 14:06:37.144129,112,PRDER,33.2760872,-81.5786058,26.083223929829757,-32768.0,24.0,20476556188.147003
2019-04-24 14:06:37.346132,112,PRDER,33.2760899,-81.578612,26.083223929829757,-32768.0,23.0,0.0
2019-04-24 14:06:37.703899,112,PRDER,33.2760941,-81.578621,26.083223929829757,-32768.0,23.0,0.0
2019-04-24 14:06:37.964505,112,PRDER,33.2760984,-81.5786292,26.083223929829757,-32768.0,23.0,0.0
2019-04-24 14:06:38.240026,112,PRDER,33.2761028,-81.5786358,26.083223929829757,-32768.0,25.0,40953112376.29401
2019-04-24 14:06:38.440821,112,PRDER,33.2761053,-81.5786392,26.083223929829757,-32768.0,25.0,40953112376.29401
2019-04-24 14:06:38.744445,112,PRDER,33.2761082,-81.5786431,26.083223929829757,-32768.0,25.0,40953112376.29401
2019-04-24 14:06:38.941360,112,PRDER,33.27611,-81.5786456,26.083223929829757,-32768.0,25.0,40953112376.29401
2019-04-24 14:06:39.239494,112,PRDER,33.2761128,-81.5786499,26.083223929829757,-32768.0,25.0,40953112376.29401
2019-04-24 14:06:39.540873,112,PRDER,33.2761163,-81.5786551,26.083223929829757,-32768.0,25.0,40953112376.29401
2019-04-24 14:06:39.839137,112,PRDER,33.2761195,-81.57866,26.083223929829757,-32768.0,25.0,40953112376.29401
2019-04-24 14:06:40.046598,112,PRDER,33.2761212,-81.5786633,26.083223929829757,-32768.0,25.0,40953112376.29401
2019-04-24 14:06:40.340219,112,PRDER,33.2761228,-81.5786678,26.083223929829757,-32768.0,24.0,20476556188.147003
2019-04-24 14:06:40.639817,112,PRDER,33.2761232,-81.5786706,26.083223929829757,-32768.0,24.0,20476556188.147003
2019-04-24 14:06:40.958307,112,PRDER,33.276123,-81.5786752,26.083223929829757,-32768.0,24.0,20476556188.147003
2019-04-24 14:06:41.239478,112,PRDER,33.2761227,-81.5786775,26.083223929829757,-32768.0,23.0,0.0
2019-04-24 14:06:41.549215,112,PRDER,33.2761226,-81.5786803,26.083223929829757,-32768.0,23.0,0.0
2019-04-24 14:06:41.839507,112,PRDER,33.2761231,-81.5786829,26.083223929829757,-32768.0,23.0,0.0
2019-04-24 14:06:42.039263,112,PRDER,33.2761235,-81.5786843,26.083223929829757,-32768.0,23.0,0.0
2019-04-24 14:06:42.342620,112,PRDER,33.2761242,-81.578686,26.083223929829757,-32768.0,22.0,0.0
2019-04-24 14:06:42.639697,112,PRDER,33.2761251,-81.578687,26.083223929829757,-32768.0,22.0,0.0
2019-04-24 14:06:42.941292,112,PRDER,33.2761257,-81.5786872,26.083223929829757,-32768.0,22.0,0.0
2019-04-24 14:06:43.141211,112,PRDER,33.2761254,-81.5786869,26.083223929829757,-32768.0,22.0,0.0
2019-04-24 14:06:43.346423,112,PRDER,33.2761245,-81.5786861,26.083223929829757,-32768.0,22.0,0.0
2019-04-24 14:06:43.640614,112,PRDER,33.2761221,-81.5786843,26.083223929829757,-32768.0,22.0,0.0
2019-04-24 14:06:44.002897,112,PRDER,33.2761188,-81.5786811,26.083223929829757,-32768.0,22.0,0.0
2019-04-24 14:06:44.239153,112,PRDER,33.2761151,-81.5786765,26.083223929829757,-32768.0,23.0,0.0
2019-04-24 14:06:45.439812,112,PRDER,33.2761119,-81.5786724,26.083223929829757,-32768.0,24.0,20476556188.147003
2019-04-24 14:06:45.466614,112,PRDER,33.2760967,-81.5786553,26.083223929829757,-32768.0,24.0,20476556188.147003
2019-04-24 14:06:45.545432,112,PRDER,33.2760951,-81.5786537,26.083223929829757,-32768.0,24.0,20476556188.147003
2019-04-24 14:06:45.849820,112,PRDER,33.2760898,-81.5786482,26.083223929829757,-32768.0,24.0,20476556188.147003
2019-04-24 14:06:46.049089,112,PRDER,33.2760863,-81.5786446,26.083223929829757,-32768.0,24.0,20476556188.147003
2019-04-24 14:06:46.346211,112,PRDER,33.2760806,-81.5786393,26.083223929829757,-32768.0,24.0,20476556188.147003
2019-04-24 14:06:46.650182,112,PRDER,33.2760744,-81.5786342,26.083223929829757,-32768.0,24.0,20476556188.147003
2019-04-24 14:06:46.950062,112,PRDER,33.2760678,-81.578629,26.083223929829757,-32768.0,24.0,20476556188.147003
2019-04-24 14:06:47.246316,112,PRDER,33.2760635,-81.5786261,26.083223929829757,-32768.0,24.0,20476556188.147003
2019-04-24 14:06:47.547704,112,PRDER,33.2760572,-81.578622,26.083223929829757,-32768.0,24.0,20476556188.147003
2019-04-24 14:06:47.852504,112,PRDER,33.27605,-81.5786173,26.083223929829757,-32768.0,24.0,20476556188.147003
2019-04-24 14:06:48.059087,112,PRDER,33.2760457,-81.5786147,26.083223929829757,-32768.0,24.0,20476556188.147003
2019-04-24 14:06:48.344402,112,PRDER,33.2760382,-81.5786093,26.083223929829757,-32768.0,23.0,0.0
2019-04-24 14:06:48.648809,112,PRDER,33.2760314,-81.5786035,26.083223929829757,-32768.0,23.0,0.0
2019-04-24 14:06:48.945932,112,PRDER,33.2760253,-81.578598,26.083223929829757,-32768.0,23.0,0.0
2019-04-24 14:06:49.145862,112,PRDER,33.276021,-81.5785939,26.083223929829757,-32768.0,23.0,0.0
2019-04-24 14:06:49.345088,112,PRDER,33.2760159,-81.5785891,26.083223929829757,-32768.0,23.0,0.0
2019-04-24 14:06:49.655337,112,PRDER,33.2760089,-81.5785827,26.083223929829757,-32768.0,23.0,0.0
2019-04-24 14:06:49.955949,112,PRDER,33.2760007,-81.5785756,26.083223929829757,-32768.0,23.0,0.0
2019-04-24 14:06:50.183899,112,PRDER,33.2759949,-81.5785704,26.083223929829757,-32768.0,23.0,0.0
2019-04-24 14:06:50.347192,112,PRDER,33.2759888,-81.5785649,26.083223929829757,-32768.0,23.0,0.0
2019-04-24 14:06:50.647970,112,PRDER,33.27598,-81.5785573,26.083223929829757,-32768.0,23.0,0.0
2019-04-24 14:06:50.950917,112,PRDER,33.2759696,-81.5785498,26.083223929829757,-32768.0,23.0,0.0
2019-04-24 14:06:51.246644,112,PRDER,33.2759597,-81.5785433,26.083223929829757,-32768.0,23.0,0.0
2019-04-24 14:06:51.545000,112,PRDER,33.2759495,-81.5785369,26.083223929829757,-32768.0,23.0,0.0
2019-04-24 14:06:51.745125,112,PRDER,33.2759423,-81.5785322,26.083223929829757,-32768.0,23.0,0.0
2019-04-24 14:06:51.954044,112,PRDER,33.2759356,-81.5785274,26.083223929829757,-32768.0,23.0,0.0
2019-04-24 14:06:52.245568,112,PRDER,33.2759242,-81.5785185,26.083223929829757,-32768.0,23.0,0.0
2019-04-24 14:06:52.545082,112,PRDER,33.2759122,-81.5785076,26.083223929829757,-32768.0,23.0,0.0
2019-04-24 14:06:52.745427,112,PRDER,33.275905,-81.5785003,26.083223929829757,-32768.0,23.0,0.0
2019-04-24 14:06:52.944520,112,PRDER,33.2758979,-81.5784927,26.083223929829757,-32768.0,23.0,0.0
2019-04-24 14:06:53.246179,112,GN+,33.2758871,-81.5784807,26.083223929829757,-32768.0,2.0,0.0
2019-04-24 14:06:53.545357,112,GN+,33.2758771,-81.5784695,26.083223929829757,-32768.0,2.0,0.0
2019-04-24 14:06:53.844599,112,GN+,33.2758685,-81.5784597,26.083223929829757,-32768.0,2.0,0.0
2019-04-24 14:06:54.044395,112,GN+,33.2758652,-81.5784559,26.083223929829757,-32768.0,2.0,0.0
2019-04-24 14:06:54.346144,112,PRDER,33.2758531,-81.5784423,26.083223929829757,-32768.0,23.0,0.0
2019-04-24 14:06:54.644641,112,PRDER,33.275836,-81.5784233,26.083223929829757,-32768.0,23.0,0.0
2019-04-24 14:06:54.944933,112,PRDER,33.2758205,-81.5784074,26.083223929829757,-32768.0,23.0,0.0
2019-04-24 14:06:55.244404,112,PRDER,33.2758046,-81.5783928,26.083223929829757,-32768.0,22.0,0.0
2019-04-24 14:06:55.545397,112,PRDER,33.2757948,-81.5783839,26.083223929829757,-32768.0,22.0,0.0
2019-04-24 14:06:55.846066,112,PRDER,33.2757731,-81.5783643,26.083223929829757,-32768.0,22.0,0.0
2019-04-24 14:06:56.048942,112,PRDER,33.2757676,-81.5783593,26.083223929829757,-32768.0,22.0,0.0
2019-04-24 14:06:56.245768,112,PRDER,33.2757569,-81.5783493,26.083223929829757,-32768.0,25.0,40953112376.29401
2019-04-24 14:06:56.550771,112,PRDER,33.2757406,-81.5783341,26.083223929829757,-32768.0,25.0,40953112376.29401
2019-04-24 14:06:56.755842,112,PRDER,33.2757248,-81.5783189,26.083223929829757,-32768.0,25.0,40953112376.29401
2019-04-24 14:06:56.945908,112,PRDER,33.2757187,-81.578313,26.083223929829757,-32768.0,25.0,40953112376.29401
2019-04-24 14:06:57.250893,112,PRDER,33.2757053,-81.5782997,26.083223929829757,-32768.0,26.0,61429668564.44101
2019-04-24 14:06:57.544809,112,PRDER,33.2756917,-81.5782859,26.083223929829757,-32768.0,26.0,61429668564.44101
2019-04-24 14:06:57.845350,112,PRDER,33.2756779,-81.5782715,26.083223929829757,-32768.0,26.0,61429668564.44101
2019-04-24 14:06:58.144468,112,PRDER,33.2756623,-81.5782555,26.083223929829757,-32768.0,26.0,61429668564.44101
2019-04-24 14:06:58.461614,112,PRDER,33.2756488,-81.5782412,26.083223929829757,-32768.0,27.0,81906224752.58801
2019-04-24 14:06:58.748369,112,PRDER,33.2756341,-81.5782259,26.083223929829757,-32768.0,27.0,81906224752.58801
2019-04-24 14:06:59.044779,112,PRDER,33.275619,-81.5782106,26.083223929829757,-32768.0,27.0,81906224752.58801
2019-04-24 14:06:59.345193,112,PRDER,33.2756007,-81.5781929,26.083223929829757,-32768.0,27.0,81906224752.58801
2019-04-24 14:06:59.548142,112,PRDER,33.2755896,-81.5781827,26.083223929829757,-32768.0,27.0,81906224752.58801
2019-04-24 14:06:59.844820,112,PRDER,33.2755727,-81.5781677,26.083223929829757,-32768.0,27.0,81906224752.58801
2019-04-24 14:07:00.146747,112,PRDER,33.2755558,-81.5781527,26.083223929829757,-32768.0,27.0,81906224752.58801
2019-04-24 14:07:00.345375,112,PRDER,33.2755433,-81.5781418,26.083223929829757,-32768.0,28.0,102382780940.73502
2019-04-24 14:07:00.547094,112,PRDER,33.2755329,-81.5781329,26.083223929829757,-32768.0,28.0,102382780940.73502
2019-04-24 14:07:00.847919,112,PRDER,33.2755164,-81.5781187,26.083223929829757,-32768.0,28.0,102382780940.73502
2019-04-24 14:07:01.145632,112,PRDER,33.2754991,-81.5781038,26.083223929829757,-32768.0,28.0,102382780940.73502
2019-04-24 14:07:01.446522,112,PRDER,33.2754817,-81.578088,26.083223929829757,-32768.0,28.0,102382780940.73502
2019-04-24 14:07:01.646827,112,PRDER,33.2754702,-81.5780775,26.083223929829757,-32768.0,28.0,102382780940.73502
2019-04-24 14:07:01.946434,112,PRDER,33.2754577,-81.578066,26.083223929829757,-32768.0,28.0,102382780940.73502
2019-04-24 14:07:02.244700,112,PRDER,33.2754357,-81.5780464,26.083223929829757,-32768.0,28.0,102382780940.73502
2019-04-24 14:07:02.546123,112,PRDER,33.2754169,-81.57803,26.083223929829757,-32768.0,28.0,102382780940.73502
2019-04-24 14:07:02.845276,112,PRDER,33.2754002,-81.5780156,26.083223929829757,-32768.0,28.0,102382780940.73502
2019-04-24 14:07:03.144893,112,PRDER,33.2753813,-81.5779994,26.083223929829757,-32768.0,28.0,102382780940.73502
2019-04-24 14:07:03.444710,112,PRDER,33.2753696,-81.5779894,26.083223929829757,-32768.0,29.0,122859337128.88202
2019-04-24 14:07:03.748600,112,PRDER,33.2753463,-81.577969,26.083223929829757,-32768.0,29.0,122859337128.88202
2019-04-24 14:07:03.944360,112,PRDER,33.2753393,-81.5779627,26.083223929829757,-32768.0,29.0,122859337128.88202
2019-04-24 14:07:04.244556,112,PRDER,33.275323,-81.5779479,26.083223929829757,-32768.0,29.0,122859337128.88202
2019-04-24 14:07:04.545015,112,PRDER,33.2753045,-81.5779317,26.083223929829757,-32768.0,29.0,122859337128.88202
2019-04-24 14:07:04.746161,112,PRDER,33.2752881,-81.5779173,26.083223929829757,-32768.0,29.0,122859337128.88202
2019-04-24 14:07:04.946941,112,PRDER,33.2752772,-81.5779076,26.083223929829757,-32768.0,29.0,122859337128.88202
2019-04-24 14:07:05.250102,112,PRDER,33.2752652,-81.5778967,26.083223929829757,-32768.0,28.0,102382780940.73502
2019-04-24 14:07:05.556256,112,PRDER,33.2752487,-81.5778821,26.083223929829757,-32768.0,28.0,102382780940.73502
2019-04-24 14:07:05.845825,112,PRDER,33.2752316,-81.5778676,26.083223929829757,-32768.0,28.0,102382780940.73502
2019-04-24 14:07:06.046119,112,PRDER,33.2752195,-81.577858,26.083223929829757,-32768.0,28.0,102382780940.73502
2019-04-24 14:07:06.345033,112,PRDER,33.2752006,-81.5778435,26.083223929829757,-32768.0,29.0,122859337128.88202
2019-04-24 14:07:06.647170,112,PRDER,33.2751812,-81.5778286,26.083223929829757,-32768.0,29.0,122859337128.88202
2019-04-24 14:07:06.949347,112,PRDER,33.2751619,-81.5778136,26.083223929829757,-32768.0,29.0,122859337128.88202
2019-04-24 14:07:07.145007,112,PRDER,33.2751492,-81.5778038,26.083223929829757,-32768.0,29.0,122859337128.88202
2019-04-24 14:07:07.446251,112,PRDER,33.2751307,-81.5777893,26.083223929829757,-32768.0,30.0,143335893317.02902
2019-04-24 14:07:07.748942,112,PRDER,33.2751134,-81.5777756,26.083223929829757,-32768.0,30.0,143335893317.02902
2019-04-24 14:07:08.044673,112,PRDER,33.2750952,-81.5777599,26.083223929829757,-32768.0,30.0,143335893317.02902
2019-04-24 14:07:08.345351,112,PRDER,33.2750806,-81.5777466,26.083223929829757,-32768.0,31.0,163812449505.17603
2019-04-24 14:07:08.644346,112,PRDER,33.2750641,-81.5777307,26.083223929829757,-32768.0,31.0,163812449505.17603
2019-04-24 14:07:08.946167,112,PRDER,33.2750469,-81.5777136,26.083223929829757,-32768.0,31.0,163812449505.17603
2019-04-24 14:07:09.244896,112,PRDER,33.2750298,-81.5776961,26.083223929829757,-32768.0,32.0,184289005693.323
2019-04-24 14:07:09.448264,112,PRDER,33.2750177,-81.5776836,26.083223929829757,-32768.0,32.0,184289005693.323
2019-04-24 14:07:09.746781,112,PRDER,33.2749995,-81.5776648,26.083223929829757,-32768.0,32.0,184289005693.323
2019-04-24 14:07:10.045288,112,PRDER,33.2749801,-81.577645,26.083223929829757,-32768.0,32.0,184289005693.323
2019-04-24 14:07:10.344351,112,PRDER,33.2749601,-81.5776249,26.083223929829757,-32768.0,32.0,184289005693.323
2019-04-24 14:07:10.646313,112,PRDER,33.2749397,-81.5776048,26.083223929829757,-32768.0,32.0,184289005693.323
2019-04-24 14:07:10.945262,112,PRDER,33.2749195,-81.5775841,26.083223929829757,-32768.0,32.0,184289005693.323
2019-04-24 14:07:11.150486,112,PRDER,33.2749061,-81.57757,26.083223929829757,-32768.0,32.0,184289005693.323
2019-04-24 14:07:11.447525,112,PRDER,33.274886,-81.577549,26.083223929829757,-32768.0,33.0,204765561881.47003
2019-04-24 14:07:11.747685,112,PRDER,33.2748664,-81.5775289,26.083223929829757,-32768.0,33.0,204765561881.47003
2019-04-24 14:07:12.087934,112,PRDER,33.2748463,-81.5775084,26.083223929829757,-32768.0,33.0,204765561881.47003
2019-04-24 14:07:12.351977,112,PRDER,33.274829,-81.5774905,26.083223929829757,-32768.0,34.0,225242118069.617
2019-04-24 14:07:12.653187,112,PRDER,33.2748116,-81.5774716,26.083223929829757,-32768.0,34.0,225242118069.617
2019-04-24 14:07:12.955235,112,PRDER,33.2747947,-81.5774527,26.083223929829757,-32768.0,34.0,225242118069.617
2019-04-24 14:07:13.144666,112,PRDER,33.2747831,-81.5774395,26.083223929829757,-32768.0,34.0,225242118069.617
2019-04-24 14:07:13.445681,112,PRDER,33.2747655,-81.5774195,26.083223929829757,-32768.0,35.0,245718674257.76404
2019-04-24 14:07:13.745951,112,PRDER,33.2747477,-81.5773994,26.083223929829757,-32768.0,35.0,245718674257.76404
2019-04-24 14:07:14.045167,112,PRDER,33.2747293,-81.5773797,26.083223929829757,-32768.0,35.0,245718674257.76404
2019-04-24 14:07:15.344206,112,PRDER,33.2747103,-81.5773601,26.083223929829757,-32768.0,34.0,225242118069.617
2019-04-24 14:07:15.372478,112,PRDER,33.2746482,-81.5772939,26.083223929829757,-32768.0,34.0,225242118069.617
2019-04-24 14:07:15.456522,112,PRDER,33.274642,-81.5772873,26.083223929829757,-32768.0,34.0,225242118069.617
2019-04-24 14:07:15.754638,112,PRDER,33.2746279,-81.5772729,26.083223929829757,-32768.0,34.0,225242118069.617
2019-04-24 14:07:15.953972,112,PRDER,33.2746083,-81.5772545,26.083223929829757,-32768.0,34.0,225242118069.617
2019-04-24 14:07:16.249944,112,PRDER,33.2745884,-81.577237,26.083223929829757,-32768.0,32.0,184289005693.323
2019-04-24 14:07:16.551614,112,PRDER,33.2745692,-81.5772205,26.083223929829757,-32768.0,32.0,184289005693.323
2019-04-24 14:07:16.850704,112,PRDER,33.2745497,-81.5772038,26.083223929829757,-32768.0,32.0,184289005693.323
2019-04-24 14:07:17.150176,112,PRDER,33.2745304,-81.5771871,26.083223929829757,-32768.0,32.0,184289005693.323
2019-04-24 14:07:17.459251,112,PRDER,33.2745178,-81.577176,26.083223929829757,-32768.0,31.0,163812449505.17603
2019-04-24 14:07:17.660269,112,PRDER,33.2745047,-81.5771643,26.083223929829757,-32768.0,31.0,163812449505.17603
2019-04-24 14:07:17.855127,112,PRDER,33.2744855,-81.5771467,26.083223929829757,-32768.0,31.0,163812449505.17603
2019-04-24 14:07:18.155525,112,PRDER,33.2744664,-81.5771288,26.083223929829757,-32768.0,31.0,163812449505.17603
2019-04-24 14:07:18.452885,112,PRDER,33.2744476,-81.5771106,26.083223929829757,-32768.0,31.0,163812449505.17603
2019-04-24 14:07:18.752619,112,PRDER,33.2744324,-81.5770958,26.083223929829757,-32768.0,31.0,163812449505.17603
2019-04-24 14:07:19.053111,112,PRDER,33.2744136,-81.5770776,26.083223929829757,-32768.0,31.0,163812449505.17603
2019-04-24 14:07:19.252271,112,PRDER,33.2744014,-81.5770655,26.083223929829757,-32768.0,31.0,163812449505.17603
2019-04-24 14:07:19.551464,112,PRDER,33.2743844,-81.5770488,26.083223929829757,-32768.0,31.0,163812449505.17603
2019-04-24 14:07:19.853185,112,PRDER,33.274365,-81.5770304,26.083223929829757,-32768.0,31.0,163812449505.17603
2019-04-24 14:07:20.150855,112,PRDER,33.2743484,-81.5770153,26.083223929829757,-32768.0,31.0,163812449505.17603
2019-04-24 14:07:20.452676,112,PRDER,33.2743299,-81.5769993,26.083223929829757,-32768.0,32.0,184289005693.323
2019-04-24 14:07:20.758082,112,PRDER,33.2743137,-81.576985,26.083223929829757,-32768.0,32.0,184289005693.323
2019-04-24 14:07:20.954381,112,PRDER,33.2743035,-81.5769759,26.083223929829757,-32768.0,32.0,184289005693.323
2019-04-24 14:07:21.155732,112,PRDER,33.2742936,-81.5769667,26.083223929829757,-32768.0,32.0,184289005693.323
2019-04-24 14:07:21.451898,112,PRDER,33.2742765,-81.5769507,26.083223929829757,-32768.0,32.0,184289005693.323
2019-04-24 14:07:21.653661,112,PRDER,33.2742669,-81.5769416,26.083223929829757,-32768.0,32.0,184289005693.323
2019-04-24 14:07:21.855471,112,PRDER,33.2742567,-81.5769318,26.083223929829757,-32768.0,32.0,184289005693.323
2019-04-24 14:07:22.157908,112,PRDER,33.2742436,-81.5769182,26.083223929829757,-32768.0,32.0,184289005693.323
2019-04-24 14:07:22.453777,112,PRDER,33.2742328,-81.5769049,26.083223929829757,-32768.0,31.0,163812449505.17603
2019-04-24 14:07:22.751023,112,PRDER,33.2742241,-81.5768942,26.083223929829757,-32768.0,31.0,163812449505.17603
2019-04-24 14:07:23.051087,112,PRDER,33.2742134,-81.5768827,26.083223929829757,-32768.0,31.0,163812449505.17603
2019-04-24 14:07:23.351633,112,PRDER,33.2742016,-81.5768721,26.083223929829757,-32768.0,31.0,163812449505.17603
2019-04-24 14:07:23.651613,112,PRDER,33.2741875,-81.5768605,26.083223929829757,-32768.0,31.0,163812449505.17603
2019-04-24 14:07:23.960488,112,PRDER,33.2741745,-81.5768505,26.083223929829757,-32768.0,31.0,163812449505.17603
2019-04-24 14:07:24.153601,112,PRDER,33.2741691,-81.5768462,26.083223929829757,-32768.0,31.0,163812449505.17603
2019-04-24 14:07:24.455852,112,PRDER,33.2741569,-81.5768368,26.083223929829757,-32768.0,32.0,184289005693.323
2019-04-24 14:07:24.751285,112,PRDER,33.274145,-81.5768277,26.083223929829757,-32768.0,32.0,184289005693.323
2019-04-24 14:07:25.052863,112,PRDER,33.2741336,-81.5768189,26.083223929829757,-32768.0,32.0,184289005693.323
2019-04-24 14:07:25.353502,112,PRDER,33.2741229,-81.5768106,26.083223929829757,-32768.0,31.0,163812449505.17603
2019-04-24 14:07:25.552690,112,PRDER,33.2741136,-81.5768034,26.083223929829757,-32768.0,31.0,163812449505.17603
2019-04-24 14:07:25.851375,112,PRDER,33.2741087,-81.5767995,26.083223929829757,-32768.0,31.0,163812449505.17603
2019-04-24 14:07:26.160173,112,PRDER,33.2741012,-81.5767929,26.083223929829757,-32768.0,31.0,163812449505.17603
2019-04-24 14:07:26.365321,112,PRDER,33.2741002,-81.5767916,26.083223929829757,-32768.0,30.0,143335893317.02902
2019-04-24 14:07:26.557857,112,PRDER,33.2740977,-81.5767885,26.083223929829757,-32768.0,30.0,143335893317.02902
2019-04-24 14:07:26.866442,112,PRDER,33.2740952,-81.576786,26.083223929829757,-32768.0,30.0,143335893317.02902
2019-04-24 14:07:27.159390,112,PRDER,33.2740916,-81.576784,26.083223929829757,-32768.0,30.0,143335893317.02902
2019-04-24 14:07:27.454843,112,PRDER,33.2740872,-81.5767821,26.083223929829757,-32768.0,30.0,143335893317.02902
2019-04-24 14:07:27.750744,112,PRDER,33.2740829,-81.5767803,26.083223929829757,-32768.0,30.0,143335893317.02902
2019-04-24 14:07:28.008935,112,PRDER,33.2740816,-81.5767797,26.083223929829757,-32768.0,30.0,143335893317.02902
2019-04-24 14:07:28.153033,112,PRDER,33.2740794,-81.5767783,26.083223929829757,-32768.0,30.0,143335893317.02902
2019-04-24 14:07:28.451618,112,PRDER,33.2740766,-81.5767758,26.083223929829757,-32768.0,29.0,122859337128.88202
2019-04-24 14:07:28.652797,112,PRDER,33.2740747,-81.5767737,26.083223929829757,-32768.0,29.0,122859337128.88202
2019-04-24 14:07:28.855395,112,PRDER,33.2740735,-81.5767725,26.083223929829757,-32768.0,29.0,122859337128.88202
2019-04-24 14:07:29.151114,112,PRDER,33.274072,-81.5767715,26.083223929829757,-32768.0,29.0,122859337128.88202
2019-04-24 14:07:29.451009,112,PRDER,33.2740709,-81.5767713,26.083223929829757,-32768.0,27.0,81906224752.58801
2019-04-24 14:07:29.654961,112,PRDER,33.2740705,-81.5767714,26.083223929829757,-32768.0,27.0,81906224752.58801
2019-04-24 14:07:29.853655,112,PRDER,33.2740703,-81.5767718,26.083223929829757,-32768.0,27.0,81906224752.58801
2019-04-24 14:07:30.152026,112,PRDER,33.2740699,-81.5767721,26.083223929829757,-32768.0,27.0,81906224752.58801
2019-04-24 14:07:30.451190,112,PRDER,33.2740692,-81.5767717,26.083223929829757,-32768.0,28.0,102382780940.73502
2019-04-24 14:07:30.785181,112,PRDER,33.2740685,-81.5767708,26.083223929829757,-32768.0,28.0,102382780940.73502
2019-04-24 14:07:31.052586,112,PRDER,33.2740681,-81.576769,26.083223929829757,-32768.0,28.0,102382780940.73502
2019-04-24 14:07:31.355275,112,PRDER,33.2740681,-81.5767664,26.083223929829757,-32768.0,27.0,81906224752.58801
2019-04-24 14:07:32.662665,112,PRDER,33.2740688,-81.5767633,26.083223929829757,-32768.0,27.0,81906224752.58801
2019-04-24 14:07:32.685796,112,PRDER,33.2740767,-81.5767496,26.083223929829757,-32768.0,27.0,81906224752.58801
2019-04-24 14:07:32.794977,112,PRDER,33.2740781,-81.5767477,26.083223929829757,-32768.0,27.0,81906224752.58801
2019-04-24 14:07:33.067964,112,PRDER,33.2740819,-81.5767428,26.083223929829757,-32768.0,27.0,81906224752.58801
2019-04-24 14:07:33.367411,112,PRDER,33.2740863,-81.5767366,26.083223929829757,-32768.0,27.0,81906224752.58801
2019-04-24 14:07:33.568145,112,PRDER,33.2740892,-81.5767322,26.083223929829757,-32768.0,27.0,81906224752.58801
2019-04-24 14:07:33.867837,112,PRDER,33.2740935,-81.5767252,26.083223929829757,-32768.0,27.0,81906224752.58801
2019-04-24 14:07:34.225417,112,PRDER,33.274098,-81.5767177,26.083223929829757,-32768.0,27.0,81906224752.58801
2019-04-24 14:07:34.469015,112,PRDER,33.2741028,-81.5767099,26.083223929829757,-32768.0,27.0,81906224752.58801
2019-04-24 14:07:34.769776,112,PRDER,33.2741081,-81.5767013,26.083223929829757,-32768.0,27.0,81906224752.58801
2019-04-24 14:07:35.077466,112,PRDER,33.2741143,-81.5766911,26.083223929829757,-32768.0,27.0,81906224752.58801
2019-04-24 14:07:35.270120,112,PRDER,33.2741158,-81.5766886,26.083223929829757,-32768.0,25.0,40953112376.29401
2019-04-24 14:07:35.572844,112,PRDER,33.2741216,-81.5766788,26.083223929829757,-32768.0,25.0,40953112376.29401
2019-04-24 14:07:35.876270,112,PRDER,33.2741288,-81.5766662,26.083223929829757,-32768.0,25.0,40953112376.29401
2019-04-24 14:07:36.072480,112,PRDER,33.2741318,-81.576661,26.083223929829757,-32768.0,25.0,40953112376.29401
2019-04-24 14:07:36.367425,112,PRDER,33.2741367,-81.5766526,26.083223929829757,-32768.0,24.0,20476556188.147003
2019-04-24 14:07:36.579700,112,PRDER,33.27414,-81.5766473,26.083223929829757,-32768.0,24.0,20476556188.147003
2019-04-24 14:07:36.877126,112,PRDER,33.274143,-81.5766422,26.083223929829757,-32768.0,24.0,20476556188.147003
2019-04-24 14:07:37.076453,112,PRDER,33.2741475,-81.5766345,26.083223929829757,-32768.0,24.0,20476556188.147003
2019-04-24 14:07:37.369433,112,PRDER,33.2741506,-81.5766288,26.083223929829757,-32768.0,26.0,61429668564.44101
2019-04-24 14:07:37.668489,112,PRDER,33.274153,-81.5766241,26.083223929829757,-32768.0,26.0,61429668564.44101
2019-04-24 14:07:37.867580,112,PRDER,33.2741537,-81.5766227,26.083223929829757,-32768.0,26.0,61429668564.44101
2019-04-24 14:07:38.066806,112,PRDER,33.2741555,-81.5766189,26.083223929829757,-32768.0,26.0,61429668564.44101
2019-04-24 14:07:38.372684,112,PRDER,33.2741568,-81.5766166,26.083223929829757,-32768.0,26.0,61429668564.44101
2019-04-24 14:07:38.669295,112,PRDER,33.2741588,-81.5766135,26.083223929829757,-32768.0,26.0,61429668564.44101
2019-04-24 14:07:38.971944,112,PRDER,33.2741608,-81.5766108,26.083223929829757,-32768.0,26.0,61429668564.44101
2019-04-24 14:07:39.167867,112,PRDER,33.2741621,-81.5766091,26.083223929829757,-32768.0,26.0,61429668564.44101
2019-04-24 14:07:39.493185,112,PRDER,33.2741635,-81.5766068,26.083223929829757,-32768.0,27.0,81906224752.58801
2019-04-24 14:07:39.770156,112,PRDER,33.2741644,-81.5766053,26.083223929829757,-32768.0,27.0,81906224752.58801
2019-04-24 14:07:40.067531,112,PRDER,33.274165,-81.5766043,26.083223929829757,-32768.0,27.0,81906224752.58801
2019-04-24 14:07:40.375424,112,PRDER,33.2741655,-81.576603,26.083223929829757,-32768.0,28.0,102382780940.73502
2019-04-24 14:07:40.668339,112,PRDER,33.2741658,-81.5766019,26.083223929829757,-32768.0,28.0,102382780940.73502
2019-04-24 14:07:40.970201,112,PRDER,33.2741659,-81.5766008,26.083223929829757,-32768.0,28.0,102382780940.73502
2019-04-24 14:07:41.172093,112,PRDER,33.274166,-81.5766004,26.083223929829757,-32768.0,28.0,102382780940.73502
2019-04-24 14:07:41.467834,112,PRDER,33.274166,-81.5766005,26.083223929829757,-32768.0,28.0,102382780940.73502
2019-04-24 14:07:41.668489,112,PRDER,33.2741661,-81.5766012,26.083223929829757,-32768.0,28.0,102382780940.73502
2019-04-24 14:07:41.969657,112,PRDER,33.2741665,-81.5766023,26.083223929829757,-32768.0,28.0,102382780940.73502
2019-04-24 14:07:42.171971,112,PRDER,33.2741668,-81.5766031,26.083223929829757,-32768.0,28.0,102382780940.73502
2019-04-24 14:07:42.472089,112,PRDER,33.2741676,-81.5766046,26.083223929829757,-32768.0,27.0,81906224752.58801
2019-04-24 14:07:42.780063,112,PRDER,33.2741686,-81.5766066,26.083223929829757,-32768.0,27.0,81906224752.58801
2019-04-24 14:07:43.068836,112,PRDER,33.2741693,-81.576608,26.083223929829757,-32768.0,27.0,81906224752.58801
2019-04-24 14:07:43.279507,112,PRDER,33.2741704,-81.5766094,26.083223929829757,-32768.0,29.0,122859337128.88202
2019-04-24 14:07:43.468538,112,PRDER,33.2741715,-81.57661,26.083223929829757,-32768.0,29.0,122859337128.88202
2019-04-24 14:07:43.784610,112,PRDER,33.2741737,-81.5766103,26.083223929829757,-32768.0,29.0,122859337128.88202
2019-04-24 14:07:44.068164,112,PRDER,33.2741752,-81.5766105,26.083223929829757,-32768.0,29.0,122859337128.88202
2019-04-24 14:07:44.267888,112,PRDER,33.2741778,-81.5766115,26.083223929829757,-32768.0,29.0,122859337128.88202
2019-04-24 14:07:44.570473,112,PRDER,33.2741812,-81.5766135,26.083223929829757,-32768.0,29.0,122859337128.88202
2019-04-24 14:07:44.779621,112,PRDER,33.2741837,-81.5766154,26.083223929829757,-32768.0,29.0,122859337128.88202
2019-04-24 14:07:46.068690,112,PRDER,33.274188,-81.576619,26.083223929829757,-32768.0,28.0,102382780940.73502
2019-04-24 14:07:46.103159,112,PRDER,33.2742051,-81.5766336,26.083223929829757,-32768.0,28.0,102382780940.73502
2019-04-24 14:07:46.203581,112,PRDER,33.2742069,-81.5766349,26.083223929829757,-32768.0,28.0,102382780940.73502
2019-04-24 14:07:46.484687,112,PRDER,33.2742148,-81.576641,26.083223929829757,-32768.0,28.0,102382780940.73502
2019-04-24 14:07:46.773311,112,PRDER,33.2742219,-81.5766469,26.083223929829757,-32768.0,28.0,102382780940.73502
2019-04-24 14:07:47.107300,112,PRDER,33.2742304,-81.5766544,26.083223929829757,-32768.0,28.0,102382780940.73502
2019-04-24 14:07:47.381710,112,PRDER,33.2742391,-81.5766621,26.083223929829757,-32768.0,25.0,40953112376.29401
2019-04-24 14:07:47.681969,112,PRDER,33.2742482,-81.5766703,26.083223929829757,-32768.0,25.0,40953112376.29401
2019-04-24 14:07:47.974714,112,PRDER,33.2742574,-81.5766783,26.083223929829757,-32768.0,25.0,40953112376.29401
2019-04-24 14:07:48.175458,112,PRDER,33.274264,-81.5766841,26.083223929829757,-32768.0,25.0,40953112376.29401
2019-04-24 14:07:48.478949,112,PRDER,33.2742742,-81.576693,26.083223929829757,-32768.0,25.0,40953112376.29401
2019-04-24 14:07:48.790680,112,PRDER,33.2742848,-81.5767019,26.083223929829757,-32768.0,25.0,40953112376.29401
2019-04-24 14:07:49.080069,112,PRDER,33.2742956,-81.576711,26.083223929829757,-32768.0,25.0,40953112376.29401
2019-04-24 14:07:49.380892,112,PRDER,33.2743064,-81.5767199,26.083223929829757,-32768.0,25.0,40953112376.29401
2019-04-24 14:07:49.670751,112,PRDER,33.2743184,-81.5767296,26.083223929829757,-32768.0,25.0,40953112376.29401
2019-04-24 14:07:49.982500,112,PRDER,33.2743304,-81.5767392,26.083223929829757,-32768.0,25.0,40953112376.29401
2019-04-24 14:07:50.270299,112,PRDER,33.274343,-81.576749,26.083223929829757,-32768.0,25.0,40953112376.29401
2019-04-24 14:07:50.472920,112,PRDER,33.2743517,-81.5767558,26.083223929829757,-32768.0,25.0,40953112376.29401
2019-04-24 14:07:50.770958,112,PRDER,33.2743649,-81.5767666,26.083223929829757,-32768.0,25.0,40953112376.29401
2019-04-24 14:07:51.071595,112,PRDER,33.2743787,-81.5767778,26.083223929829757,-32768.0,25.0,40953112376.29401
2019-04-24 14:07:51.380044,112,PRDER,33.2743913,-81.5767882,26.083223929829757,-32768.0,25.0,40953112376.29401
2019-04-24 14:07:51.671700,112,PRDER,33.2744051,-81.5767996,26.083223929829757,-32768.0,25.0,40953112376.29401
2019-04-24 14:07:51.878068,112,PRDER,33.2744143,-81.5768074,26.083223929829757,-32768.0,25.0,40953112376.29401
2019-04-24 14:07:52.077719,112,PRDER,33.2744234,-81.5768151,26.083223929829757,-32768.0,25.0,40953112376.29401
2019-04-24 14:07:52.277013,112,PRDER,33.2744324,-81.5768227,26.083223929829757,-32768.0,24.0,20476556188.147003
2019-04-24 14:07:52.474642,112,PRDER,33.2744369,-81.5768265,26.083223929829757,-32768.0,24.0,20476556188.147003
2019-04-24 14:07:52.809439,112,PRDER,33.2744519,-81.5768391,26.083223929829757,-32768.0,24.0,20476556188.147003
2019-04-24 14:07:53.070389,112,PRDER,33.2744681,-81.5768527,26.083223929829757,-32768.0,24.0,20476556188.147003
2019-04-24 14:07:53.373363,112,PRDER,33.2744809,-81.5768634,26.083223929829757,-32768.0,25.0,40953112376.29401
2019-04-24 14:07:53.576864,112,PRDER,33.2744852,-81.5768668,26.083223929829757,-32768.0,25.0,40953112376.29401
2019-04-24 14:07:53.870472,112,PRDER,33.2744982,-81.5768776,26.083223929829757,-32768.0,25.0,40953112376.29401
2019-04-24 14:07:54.179318,112,PRDER,33.2745106,-81.5768879,26.083223929829757,-32768.0,25.0,40953112376.29401
2019-04-24 14:07:54.474173,112,PRDER,33.2745244,-81.5768998,26.083223929829757,-32768.0,26.0,61429668564.44101
2019-04-24 14:07:54.783613,112,PRDER,33.2745386,-81.5769121,26.083223929829757,-32768.0,26.0,61429668564.44101
2019-04-24 14:07:55.071200,112,PRDER,33.2745536,-81.5769261,26.083223929829757,-32768.0,26.0,61429668564.44101
2019-04-24 14:07:55.372161,112,PRDER,33.2745688,-81.5769404,26.083223929829757,-32768.0,27.0,81906224752.58801
2019-04-24 14:07:55.571894,112,PRDER,33.2745787,-81.5769499,26.083223929829757,-32768.0,27.0,81906224752.58801
2019-04-24 14:07:55.870919,112,PRDER,33.2745926,-81.5769634,26.083223929829757,-32768.0,27.0,81906224752.58801
2019-04-24 14:07:56.170407,112,PRDER,33.2746072,-81.576978,26.083223929829757,-32768.0,28.0,102382780940.73502
2019-04-24 14:07:56.471256,112,PRDER,33.2746216,-81.5769929,26.083223929829757,-32768.0,28.0,102382780940.73502
2019-04-24 14:07:56.770389,112,PRDER,33.2746362,-81.5770074,26.083223929829757,-32768.0,28.0,102382780940.73502
2019-04-24 14:07:57.072079,112,PRDER,33.2746521,-81.5770226,26.083223929829757,-32768.0,28.0,102382780940.73502
2019-04-24 14:07:57.373930,112,PRDER,33.274668,-81.5770369,26.083223929829757,-32768.0,29.0,122859337128.88202
2019-04-24 14:07:57.572440,112,PRDER,33.2746776,-81.5770454,26.083223929829757,-32768.0,29.0,122859337128.88202
2019-04-24 14:07:57.873339,112,PRDER,33.2746916,-81.5770579,26.083223929829757,-32768.0,29.0,122859337128.88202
2019-04-24 14:07:58.072586,112,PRDER,33.274701,-81.5770668,26.083223929829757,-32768.0,29.0,122859337128.88202
2019-04-24 14:07:58.383166,112,PRDER,33.2747151,-81.5770806,26.083223929829757,-32768.0,30.0,143335893317.02902
2019-04-24 14:07:58.670857,112,PRDER,33.27473,-81.5770948,26.083223929829757,-32768.0,30.0,143335893317.02902
2019-04-24 14:07:58.970817,112,PRDER,33.2747437,-81.5771077,26.083223929829757,-32768.0,30.0,143335893317.02902
2019-04-24 14:07:59.271244,112,PRDER,33.2747538,-81.5771173,26.083223929829757,-32768.0,30.0,143335893317.02902
2019-04-24 14:07:59.472860,112,PRDER,33.2747648,-81.5771277,26.083223929829757,-32768.0,30.0,143335893317.02902
2019-04-24 14:07:59.770097,112,PRDER,33.2747802,-81.5771424,26.083223929829757,-32768.0,30.0,143335893317.02902
2019-04-24 14:08:00.072148,112,PRDER,33.2747958,-81.5771571,26.083223929829757,-32768.0,30.0,143335893317.02902
2019-04-24 14:08:00.372004,112,PRDER,33.2748116,-81.5771715,26.083223929829757,-32768.0,31.0,163812449505.17603
2019-04-24 14:08:00.570706,112,PRDER,33.2748281,-81.577186,26.083223929829757,-32768.0,31.0,163812449505.17603
2019-04-24 14:08:00.870970,112,PRDER,33.2748447,-81.5771999,26.083223929829757,-32768.0,31.0,163812449505.17603
2019-04-24 14:08:01.070994,112,PRDER,33.2748503,-81.5772046,26.083223929829757,-32768.0,31.0,163812449505.17603
2019-04-24 14:08:01.390467,112,PRDER,33.2748671,-81.5772185,26.083223929829757,-32768.0,32.0,184289005693.323
2019-04-24 14:08:01.578750,112,PRDER,33.2748782,-81.5772277,26.083223929829757,-32768.0,32.0,184289005693.323
2019-04-24 14:08:01.877524,112,PRDER,33.2748945,-81.5772414,26.083223929829757,-32768.0,32.0,184289005693.323
2019-04-24 14:08:02.071310,112,PRDER,33.2749054,-81.5772509,26.083223929829757,-32768.0,32.0,184289005693.323
2019-04-24 14:08:02.376412,112,PRDER,33.2749262,-81.5772692,26.083223929829757,-32768.0,32.0,184289005693.323
2019-04-24 14:08:02.670478,112,PRDER,33.2749358,-81.5772774,26.083223929829757,-32768.0,32.0,184289005693.323
2019-04-24 14:08:02.969984,112,PRDER,33.274951,-81.5772904,26.083223929829757,-32768.0,32.0,184289005693.323
2019-04-24 14:08:03.281544,112,PRDER,33.2749649,-81.5773031,26.083223929829757,-32768.0,33.0,204765561881.47003
2019-04-24 14:08:03.477892,112,PRDER,33.2749732,-81.5773112,26.083223929829757,-32768.0,33.0,204765561881.47003
2019-04-24 14:08:03.677200,112,PRDER,33.2749819,-81.5773197,26.083223929829757,-32768.0,33.0,204765561881.47003
2019-04-24 14:08:03.973693,112,PRDER,33.2749932,-81.5773307,26.083223929829757,-32768.0,33.0,204765561881.47003
2019-04-24 14:08:05.595941,112,PRDER,33.2750062,-81.5773433,26.083223929829757,-32768.0,36.0,266195230445.91104
2019-04-24 14:08:06.475511,112,PRDER,33.2750608,-81.5773982,26.083223929829757,-32768.0,37.0,286671786634.05804
2019-04-24 14:08:06.509913,112,PRDER,33.2751102,-81.5774435,26.083223929829757,-32768.0,37.0,286671786634.05804
2019-04-24 14:08:06.667430,112,PRDER,33.2751168,-81.5774494,26.083223929829757,-32768.0,37.0,286671786634.05804
2019-04-24 14:08:06.905376,112,PRDER,33.2751328,-81.5774637,26.083223929829757,-32768.0,37.0,286671786634.05804
2019-04-24 14:08:07.244599,112,PRDER,33.2751496,-81.5774792,26.083223929829757,-32768.0,39.0,327624899010.35205
2019-04-24 14:08:07.640521,112,PRDER,33.2751665,-81.5774956,26.083223929829757,-32768.0,39.0,327624899010.35205
2019-04-24 14:08:07.686638,112,PRDER,33.275178,-81.5775067,26.083223929829757,-32768.0,39.0,327624899010.35205
2019-04-24 14:08:07.984223,112,PRDER,33.2751971,-81.5775252,26.083223929829757,-32768.0,39.0,327624899010.35205
2019-04-24 14:08:08.350482,112,PRDER,33.2752145,-81.5775417,26.083223929829757,-32768.0,39.0,327624899010.35205
2019-04-24 14:08:08.506412,112,PRDER,33.2752271,-81.5775536,26.083223929829757,-32768.0,39.0,327624899010.35205
2019-04-24 14:08:08.780909,112,PRDER,33.2752458,-81.5775718,26.083223929829757,-32768.0,39.0,327624899010.35205
2019-04-24 14:08:09.098437,112,PRDER,33.2752639,-81.5775904,26.083223929829757,-32768.0,39.0,327624899010.35205
2019-04-24 14:08:09.379208,112,PRDER,33.2752819,-81.5776093,26.083223929829757,-32768.0,40.0,348101455198.499
2019-04-24 14:08:09.678449,112,PRDER,33.2753005,-81.5776284,26.083223929829757,-32768.0,40.0,348101455198.499
2019-04-24 14:08:09.878294,112,PRDER,33.2753131,-81.577641,26.083223929829757,-32768.0,40.0,348101455198.499
2019-04-24 14:08:10.179191,112,PRDER,33.2753337,-81.5776607,26.083223929829757,-32768.0,40.0,348101455198.499
2019-04-24 14:08:10.477576,112,PRDER,33.2753521,-81.5776775,26.083223929829757,-32768.0,40.0,348101455198.499
2019-04-24 14:08:10.778235,112,PRDER,33.2753721,-81.577695,26.083223929829757,-32768.0,40.0,348101455198.499
2019-04-24 14:08:11.078235,112,PRDER,33.2753917,-81.5777121,26.083223929829757,-32768.0,40.0,348101455198.499
2019-04-24 14:08:11.380331,112,PRDER,33.2754091,-81.5777272,26.083223929829757,-32768.0,40.0,348101455198.499
2019-04-24 14:08:11.678783,112,PRDER,33.2754278,-81.5777436,26.083223929829757,-32768.0,40.0,348101455198.499
2019-04-24 14:08:11.877915,112,PRDER,33.2754378,-81.5777524,26.083223929829757,-32768.0,40.0,348101455198.499
2019-04-24 14:08:12.187469,112,PRDER,33.2754558,-81.5777685,26.083223929829757,-32768.0,42.0,389054567574.7931
2019-04-24 14:08:12.476861,112,PRDER,33.2754725,-81.577784,26.083223929829757,-32768.0,42.0,389054567574.7931
2019-04-24 14:08:12.777063,112,PRDER,33.2754876,-81.5777986,26.083223929829757,-32768.0,42.0,389054567574.7931
2019-04-24 14:08:13.077554,112,PRDER,33.2755032,-81.577814,26.083223929829757,-32768.0,42.0,389054567574.7931
2019-04-24 14:08:13.377365,112,PRDER,33.275519,-81.5778296,26.083223929829757,-32768.0,40.0,348101455198.499
2019-04-24 14:08:13.684448,112,PRDER,33.2755346,-81.5778453,26.083223929829757,-32768.0,40.0,348101455198.499
2019-04-24 14:08:13.978937,112,PRDER,33.2755497,-81.5778611,26.083223929829757,-32768.0,40.0,348101455198.499
2019-04-24 14:08:14.179741,112,PRDER,33.2755596,-81.5778717,26.083223929829757,-32768.0,38.0,307148342822.205
2019-04-24 14:08:14.477829,112,PRDER,33.2755743,-81.5778876,26.083223929829757,-32768.0,38.0,307148342822.205
2019-04-24 14:08:14.777749,112,PRDER,33.2755888,-81.5779035,26.083223929829757,-32768.0,38.0,307148342822.205
2019-04-24 14:08:15.077888,112,PRDER,33.2756024,-81.5779174,26.083223929829757,-32768.0,38.0,307148342822.205
2019-04-24 14:08:15.377857,112,PRDER,33.2756148,-81.5779282,26.083223929829757,-32768.0,37.0,286671786634.05804
2019-04-24 14:08:15.680307,112,PRDER,33.2756258,-81.5779366,26.083223929829757,-32768.0,37.0,286671786634.05804
2019-04-24 14:08:16.985599,112,PRDER,33.2756364,-81.5779448,26.083223929829757,-32768.0,36.0,266195230445.91104
2019-04-24 14:08:17.023770,112,PRDER,33.2756807,-81.5779963,26.083223929829757,-32768.0,36.0,266195230445.91104
2019-04-24 14:08:17.083701,112,PRDER,33.2756857,-81.5780024,26.083223929829757,-32768.0,36.0,266195230445.91104
2019-04-24 14:08:18.379679,112,PRDER,33.2757029,-81.5780221,26.083223929829757,-32768.0,33.0,204765561881.47003
2019-04-24 14:08:18.401106,112,PRDER,33.275765,-81.5780852,26.083223929829757,-32768.0,33.0,204765561881.47003
2019-04-24 14:08:18.491243,112,PRDER,33.275771,-81.5780908,26.083223929829757,-32768.0,33.0,204765561881.47003
2019-04-24 14:08:18.786574,112,PRDER,33.2757877,-81.578106,26.083223929829757,-32768.0,33.0,204765561881.47003
2019-04-24 14:08:19.085240,112,PRDER,33.2758,-81.5781136,26.083223929829757,-32768.0,33.0,204765561881.47003
2019-04-24 14:08:19.392011,112,PRDER,33.275807,-81.5781101,26.083223929829757,-32768.0,30.0,143335893317.02902
2019-04-24 14:08:19.589998,112,PRDER,33.275809,-81.5781076,26.083223929829757,-32768.0,30.0,143335893317.02902
2019-04-24 14:08:19.900527,112,PRDER,33.2758169,-81.578102,26.083223929829757,-32768.0,30.0,143335893317.02902
2019-04-24 14:08:20.187038,112,PRDER,33.2758253,-81.5781049,26.083223929829757,-32768.0,25.0,40953112376.29401
2019-04-24 14:08:20.494493,112,PRDER,33.2758344,-81.5781148,26.083223929829757,-32768.0,25.0,40953112376.29401
2019-04-24 14:08:20.787821,112,PRDER,33.275841,-81.5781243,26.083223929829757,-32768.0,25.0,40953112376.29401
2019-04-24 14:08:21.096989,112,PRDER,33.2758495,-81.5781384,26.083223929829757,-32768.0,25.0,40953112376.29401
2019-04-24 14:08:21.386730,112,PRDER,33.275859,-81.5781536,26.083223929829757,-32768.0,22.0,0.0
2019-04-24 14:08:21.685886,112,PRDER,33.2758672,-81.5781643,26.083223929829757,-32768.0,22.0,0.0
2019-04-24 14:08:21.986282,112,PRDER,33.2758765,-81.5781746,26.083223929829757,-32768.0,22.0,0.0
2019-04-24 14:08:22.295263,112,PRDER,33.2758852,-81.5781836,26.083223929829757,-32768.0,22.0,0.0
2019-04-24 14:08:22.585439,112,PRDER,33.275893,-81.5781922,26.083223929829757,-32768.0,22.0,0.0
2019-04-24 14:08:22.890210,112,PRDER,33.2759005,-81.5782017,26.083223929829757,-32768.0,22.0,0.0
2019-04-24 14:08:24.187541,112,PRDER,33.2759063,-81.5782091,26.083223929829757,-32768.0,26.0,61429668564.44101
2019-04-24 14:08:24.211746,112,PRDER,33.2759295,-81.5782337,26.083223929829757,-32768.0,26.0,61429668564.44101
2019-04-24 14:08:24.291203,112,PRDER,33.2759321,-81.5782357,26.083223929829757,-32768.0,26.0,61429668564.44101
2019-04-24 14:08:24.599129,112,PRDER,33.2759406,-81.5782424,26.083223929829757,-32768.0,26.0,61429668564.44101
2019-04-24 14:08:24.891978,112,PRDER,33.2759467,-81.5782473,26.083223929829757,-32768.0,26.0,61429668564.44101
2019-04-24 14:08:25.193962,112,PRDER,33.2759567,-81.5782567,26.083223929829757,-32768.0,24.0,20476556188.147003
2019-04-24 14:08:25.491550,112,PRDER,33.2759667,-81.5782681,26.083223929829757,-32768.0,24.0,20476556188.147003
2019-04-24 14:08:25.796340,112,PRDER,33.2759767,-81.5782801,26.083223929829757,-32768.0,24.0,20476556188.147003
2019-04-24 14:08:26.098137,112,PRDER,33.275988,-81.5782931,26.083223929829757,-32768.0,24.0,20476556188.147003
2019-04-24 14:08:26.394992,112,PRDER,33.2759995,-81.5783046,26.083223929829757,-32768.0,23.0,0.0
2019-04-24 14:08:26.695241,112,PRDER,33.2760123,-81.5783159,26.083223929829757,-32768.0,23.0,0.0
2019-04-24 14:08:26.990854,112,PRDER,33.276026,-81.5783271,26.083223929829757,-32768.0,23.0,0.0
2019-04-24 14:08:27.297385,112,PRDER,33.2760403,-81.5783384,26.083223929829757,-32768.0,19.0,0.0
2019-04-24 14:08:27.591357,112,PRDER,33.2760548,-81.5783497,26.083223929829757,-32768.0,19.0,0.0
2019-04-24 14:08:27.896531,112,PRDER,33.2760709,-81.5783624,26.083223929829757,-32768.0,19.0,0.0
2019-04-24 14:08:28.192143,112,PRDER,33.2760828,-81.5783721,26.083223929829757,-32768.0,18.0,0.0
2019-04-24 14:08:28.491544,112,PRDER,33.2760975,-81.5783845,26.083223929829757,-32768.0,18.0,0.0
2019-04-24 14:08:28.791519,112,PRDER,33.2761118,-81.5783958,26.083223929829757,-32768.0,18.0,0.0
2019-04-24 14:08:29.091221,112,PRDER,33.2761249,-81.5784057,26.083223929829757,-32768.0,18.0,0.0
2019-04-24 14:08:29.392182,112,PRDER,33.2761381,-81.5784154,26.083223929829757,-32768.0,18.0,0.0
2019-04-24 14:08:29.698952,112,PRDER,33.2761499,-81.5784244,26.083223929829757,-32768.0,18.0,0.0
2019-04-24 14:08:29.991514,112,PRDER,33.2761605,-81.5784329,26.083223929829757,-32768.0,18.0,0.0
2019-04-24 14:08:30.290836,112,PRDER,33.2761706,-81.5784412,26.083223929829757,-32768.0,18.0,0.0
2019-04-24 14:08:30.594189,112,PRDER,33.2761791,-81.5784481,26.083223929829757,-32768.0,18.0,0.0
2019-04-24 14:08:30.896894,112,PRDER,33.276187,-81.5784538,26.083223929829757,-32768.0,18.0,0.0
2019-04-24 14:08:31.191155,112,PRDER,33.2761941,-81.5784588,26.083223929829757,-32768.0,19.0,0.0
2019-04-24 14:08:31.490965,112,PRDER,33.2761987,-81.5784617,26.083223929829757,-32768.0,19.0,0.0
2019-04-24 14:08:31.793923,112,PRDER,33.276204,-81.5784649,26.083223929829757,-32768.0,19.0,0.0
2019-04-24 14:08:32.091838,112,PRDER,33.2762085,-81.5784678,26.083223929829757,-32768.0,19.0,0.0
2019-04-24 14:08:32.395106,112,PRDER,33.2762122,-81.5784703,26.083223929829757,-32768.0,18.0,0.0
2019-04-24 14:08:32.593167,112,PRDER,33.2762155,-81.578473,26.083223929829757,-32768.0,18.0,0.0
2019-04-24 14:08:32.891523,112,PRDER,33.2762183,-81.5784756,26.083223929829757,-32768.0,18.0,0.0
2019-04-24 14:08:33.191468,112,PRDER,33.2762198,-81.5784771,26.083223929829757,-32768.0,19.0,0.0
2019-04-24 14:08:33.493992,112,PRDER,33.2762218,-81.5784789,26.083223929829757,-32768.0,19.0,0.0
2019-04-24 14:08:33.792919,112,PRDER,33.2762236,-81.5784808,26.083223929829757,-32768.0,19.0,0.0
2019-04-24 14:08:33.996171,112,PRDER,33.2762244,-81.5784819,26.083223929829757,-32768.0,19.0,0.0
2019-04-24 14:08:34.291099,112,PRDER,33.2762258,-81.5784842,26.083223929829757,-32768.0,19.0,0.0
2019-04-24 14:08:34.591738,112,PRDER,33.2762266,-81.5784862,26.083223929829757,-32768.0,19.0,0.0
2019-04-24 14:08:34.901066,112,PRDER,33.276227,-81.5784881,26.083223929829757,-32768.0,19.0,0.0
2019-04-24 14:08:35.091468,112,PRDER,33.2762275,-81.5784898,26.083223929829757,-32768.0,19.0,0.0
2019-04-24 14:08:35.391756,112,PRDER,33.276228,-81.5784925,26.083223929829757,-32768.0,19.0,0.0
2019-04-24 14:08:35.694395,112,PRDER,33.2762285,-81.5784961,26.083223929829757,-32768.0,19.0,0.0
2019-04-24 14:08:35.994707,112,PRDER,33.2762288,-81.5784995,26.083223929829757,-32768.0,19.0,0.0
2019-04-24 14:08:36.296267,112,PRDER,33.2762292,-81.5785027,26.083223929829757,-32768.0,18.0,0.0
2019-04-24 14:08:36.595555,112,PRDER,33.2762303,-81.578506,26.083223929829757,-32768.0,18.0,0.0
2019-04-24 14:08:36.891834,112,PRDER,33.2762315,-81.578508,26.083223929829757,-32768.0,18.0,0.0
2019-04-24 14:08:37.190898,112,PRDER,33.2762322,-81.5785087,26.083223929829757,-32768.0,18.0,0.0
2019-04-24 14:08:37.491492,112,PRDER,33.2762329,-81.5785081,26.083223929829757,-32768.0,18.0,0.0
2019-04-24 14:08:37.798659,112,PRDER,33.2762334,-81.5785058,26.083223929829757,-32768.0,18.0,0.0
2019-04-24 14:08:38.091040,112,PRDER,33.2762352,-81.5785023,26.083223929829757,-32768.0,18.0,0.0
2019-04-24 14:08:38.391032,112,PRDER,33.2762389,-81.5784976,26.083223929829757,-32768.0,18.0,0.0
2019-04-24 14:08:38.690339,112,PRDER,33.276244,-81.5784916,26.083223929829757,-32768.0,18.0,0.0
2019-04-24 14:08:38.992561,112,PRDER,33.2762496,-81.5784844,26.083223929829757,-32768.0,18.0,0.0
2019-04-24 14:08:39.292900,112,PRDER,33.2762526,-81.578481,26.083223929829757,-32768.0,18.0,0.0
