0.40,121,1,33.2754531,-81.5771945,51.75166274,-32768,50,5.53733E+11,0
0.61,121,1,33.2754524,-81.5771977,51.49765435,-32768,50,5.53724E+11,0
0.90,121,1,33.2754508,-81.5772032,51.49765435,-32768,48,5.12708E+11,0
1.22,121,1,33.275449,-81.5772084,51.49765435,-32768,48,5.12708E+11,0
1.52,121,1,33.2754473,-81.5772124,51.49765435,-32768,48,5.12708E+11,0
1.80,121,1,33.2754454,-81.5772163,51.49765435,-32768,47,4.92199E+11,0
3.10,121,1,33.2754432,-81.5772195,51.49765435,-32768,47,4.92199E+11,0
3.13,121,1,33.2754344,-81.5772268,50.16,-32768,47,4.92159E+11,0
3.21,121,1,33.2754335,-81.5772271,50.45,-32768,47,4.92168E+11,0
3.41,121,1,33.2754326,-81.5772276,49.89664282,-32768,47,4.92151E+11,0
3.61,121,1,33.2754315,-81.5772282,50.30954089,-32768,47,4.92164E+11,0
3.86,121,1,33.2754309,-81.5772287,49.46567426,-32768,48,5.12644E+11,0
4.01,121,1,33.275431,-81.577229,49.2097374,-32768,48,5.12636E+11,0
4.23,121,1,33.2754315,-81.5772291,49.67086942,-32768,48,5.12651E+11,0
5.48,121,1,33.275432,-81.5772292,49.67623604,-32768,50,5.53663E+11,0
5.50,121,1,33.2754372,-81.5772325,49.67623604,-32768,50,5.53663E+11,0
5.54,121,1,33.2754382,-81.5772332,49.65633574,-32768,50,5.53662E+11,0
5.74,121,1,33.2754402,-81.5772346,50.07504438,-32768,50,5.53676E+11,0
6.03,121,1,33.2754413,-81.5772355,50.08594238,-32768,50,5.53677E+11,0
6.90,121,1,33.275443,-81.5772368,49.79229091,-32768,50,5.53667E+11,0
7.01,121,1,33.2754508,-81.5772466,50.03817692,-32768,50,5.53675E+11,0
7.04,121,1,33.2754521,-81.5772487,49.64610502,-32768,50,5.53662E+11,0
7.30,121,1,33.2754531,-81.5772503,49.84886641,-32768,50,5.53669E+11,0
7.40,121,1,33.2754559,-81.5772547,49.54699988,-32768,50,5.53658E+11,0
7.58,121,1,33.2754584,-81.5772586,49.27486982,-32768,50,5.53649E+11,0
7.78,121,1,33.2754614,-81.5772631,49.68265779,-32768,51,5.74169E+11,0
7.98,121,1,33.2754644,-81.5772679,49.81152258,-32768,51,5.74174E+11,0
8.18,121,1,33.2754672,-81.5772726,50.0169547,-32768,51,5.74181E+11,0
9.41,121,1,33.2754699,-81.5772775,49.26628924,-32768,51,5.74154E+11,0
9.45,121,1,33.2754827,-81.57731,49.26628924,-32768,51,5.74154E+11,0
9.57,121,1,33.2754841,-81.5773138,49.12449002,-32768,51,5.7415E+11,0
9.75,121,1,33.2754869,-81.5773216,49.06457502,-32768,52,5.94653E+11,0
9.90,121,1,33.2754896,-81.5773291,48.71498893,-32768,52,5.9464E+11,0
10.08,121,1,33.275493,-81.5773386,48.63292701,-32768,52,5.94637E+11,0
10.30,121,1,33.2754944,-81.5773425,48.0741669,-32768,52,5.94617E+11,0
10.53,121,1,33.2754973,-81.5773507,48.183092,-32768,52,5.94621E+11,0
11.68,121,1,33.2755005,-81.5773601,46.86897073,-32768,52,5.94573E+11,0
11.79,121,1,33.2755129,-81.5773968,46.86897073,-32768,52,5.94573E+11,0
13.47,121,1,33.275514,-81.5774,46.79273098,-32768,52,5.9457E+11,0
13.63,121,1,33.275517,-81.5774083,46.1251449,-32768,52,5.94546E+11,0
13.74,121,1,33.2755197,-81.5774155,46.21197686,-32768,52,5.94549E+11,0
13.89,121,1,33.2755229,-81.577424,46.40229851,-32768,52,5.94556E+11,0
14.00,121,1,33.2755266,-81.5774341,46.41899381,-32768,52,5.94557E+11,0
14.14,121,1,33.2755279,-81.5774378,46.30828569,-32768,50,5.53549E+11,0
15.99,121,1,33.275532,-81.577449,45.78885468,-32768,46,4.71527E+11,0
16.05,121,1,33.2756005,-81.5776069,45.62393719,-32768,46,4.71522E+11,0
16.22,121,1,33.2756034,-81.5776127,45.77505341,-32768,46,4.71527E+11,0
16.44,121,1,33.2756091,-81.5776243,45.94329274,-32768,46,4.71531E+11,0
16.56,121,1,33.2756148,-81.5776359,46.01898501,-32768,46,4.71534E+11,0
16.72,121,1,33.2756203,-81.5776478,46.08717973,-32768,44,4.30532E+11,0
18.01,121,1,33.2756267,-81.577662,45.41854279,-32768,42,3.89513E+11,0
18.09,121,1,33.2756516,-81.5777181,45.41854279,-32768,42,3.89513E+11,0
19.08,121,1,33.2756541,-81.577723,45.32121859,-32768,40,3.4851E+11,0
19.15,121,1,33.2756874,-81.5777911,45.32121859,-32768,40,3.4851E+11,0
19.27,121,1,33.2756905,-81.577798,45.44818684,-32768,40,3.48513E+11,0
19.41,121,1,33.2756969,-81.5778119,45.28320862,-32768,40,3.48509E+11,0
19.61,121,1,33.2757033,-81.577826,45.45446469,-32768,40,3.48513E+11,0
19.76,121,1,33.2757065,-81.5778331,45.24636773,-32768,40,3.48508E+11,0
19.96,121,1,33.2757136,-81.5778488,45.25538763,-32768,37,2.87007E+11,0
20.17,121,1,33.2757198,-81.5778631,45.04591835,-32768,37,2.87003E+11,0
20.32,121,1,33.2757232,-81.5778712,45.126713,-32768,37,2.87005E+11,0
20.45,121,1,33.2757294,-81.5778856,45.15793457,-32768,37,2.87005E+11,0
20.81,121,1,33.2757357,-81.5779004,44.61460517,-32768,37,2.86996E+11,0
21.03,121,1,33.275742,-81.5779154,44.8552283,-32768,35,2.46E+11,0
21.16,121,1,33.2757488,-81.5779321,44.72715907,-32768,35,2.45998E+11,0
21.31,121,1,33.2757512,-81.5779382,44.59644541,-32768,35,2.45996E+11,0
21.52,121,1,33.275758,-81.5779552,44.33586061,-32768,35,2.45992E+11,0
21.73,121,1,33.2757643,-81.5779704,44.2196964,-32768,35,2.45991E+11,0
23.77,121,1,33.2757709,-81.5779857,43.72900001,-32768,25,40997196174,0
23.86,121,1,33.275848,-81.5781363,43.72900001,-32768,25,40997196174,0
24.11,121,1,33.2758519,-81.5781435,43.46096304,-32768,25,40996526370,0
24.34,121,1,33.2758604,-81.5781589,43.92909803,-32768,25,40997696208,0
26.37,121,1,33.2758682,-81.578173,43.98273452,-32768,25,40997830243,0
26.46,121,1,33.2759414,-81.5783155,44.20604641,-32768,25,40998388291,0
26.56,121,1,33.2759446,-81.5783219,43.88548386,-32768,25,40997587218,0
27.87,121,1,33.275951,-81.5783349,44.46316919,-32768,28,1.02498E+11,0
28.14,121,1,33.2759936,-81.5784161,44.17570672,-32768,28,1.02496E+11,0
28.24,121,1,33.2759976,-81.5784237,44.38222717,-32768,28,1.02497E+11,0
29.22,121,1,33.2760009,-81.5784299,44.20699437,-32768,26,61497585990,0
29.32,121,1,33.2760304,-81.5784955,44.20699437,-32768,26,61497585990,0
30.29,121,1,33.2760328,-81.5785016,44.46435512,-32768,23,0,0
30.39,121,1,33.276053,-81.5785528,44.46435512,-32768,23,0,0
30.55,121,1,33.2760544,-81.5785562,44.17961265,-32768,23,0,0
30.82,121,1,33.2760574,-81.5785644,44.06965018,-32768,23,0,0
31.11,121,1,33.2760608,-81.5785736,43.55887134,-32768,23,0,0
31.38,121,1,33.2760634,-81.5785812,43.85469469,-32768,20,0,0
31.65,121,1,33.2760666,-81.5785902,44.22159148,-32768,20,0,0
31.94,121,1,33.276069,-81.5785981,44.48389742,-32768,20,0,0
32.23,121,1,33.2760711,-81.5786055,44.40325213,-32768,20,0,0
32.62,121,1,33.2760732,-81.5786129,44.1058259,-32768,20,0,0
32.97,121,1,33.2760747,-81.5786183,44.44373836,-32768,19,0,0
33.25,121,1,33.2760765,-81.5786244,44.04406202,-32768,19,0,0
33.55,121,1,33.2760781,-81.5786299,44.09612669,-32768,19,0,0
33.84,121,1,33.2760795,-81.5786341,44.05687804,-32768,19,0,0
35.06,121,1,33.2760804,-81.5786372,44.01982837,-32768,18,0,0
35.25,121,1,33.2760903,-81.5786548,44.51835417,-32768,18,0,0
36.38,121,1,33.2760914,-81.578656,44.4068539,-32768,18,0,0
36.56,121,1,33.2760932,-81.5786575,44.27275922,-32768,17,0,0
37.21,121,1,33.2761033,-81.5786638,44.27275922,-32768,17,0,0
37.40,121,1,33.2761047,-81.5786649,45.59690612,-32768,16,0,0
37.53,121,1,33.2761162,-81.5786739,45.59690612,-32768,16,0,0
37.72,121,1,33.276117,-81.5786744,45.41318922,-32768,16,0,0
37.84,121,1,33.2761192,-81.5786762,45.52043181,-32768,16,0,0
39.23,121,1,33.2761201,-81.5786769,46.11083666,-32768,17,0,0
39.43,121,1,33.2761225,-81.5786813,46.11083666,-32768,17,0,0
39.61,121,1,33.2761226,-81.5786817,46.67508926,-32768,15,0,0
39.94,121,1,33.2761231,-81.5786843,46.67508926,-32768,15,0,0
40.26,121,1,33.2761231,-81.5786843,47.01107472,-32768,15,0,0
40.47,121,1,33.2761231,-81.5786844,46.79089845,-32768,15,0,0
40.66,121,1,33.276123,-81.5786845,46.83980712,-32768,15,0,0
40.80,121,1,33.276123,-81.5786844,46.80385616,-32768,15,0,0
41.01,121,1,33.2761229,-81.5786841,46.97299655,-32768,15,0,0
41.34,121,1,33.2761228,-81.5786838,46.9314044,-32768,16,0,0
41.88,121,1,33.2761226,-81.5786832,47.09059236,-32768,16,0,0
42.30,121,1,33.2761224,-81.5786824,47.46030355,-32768,19,0,0
42.44,121,1,33.2761183,-81.5786776,47.59019491,-32768,19,0,0
42.67,121,1,33.276117,-81.5786765,47.43240373,-32768,19,0,0
43.82,121,1,33.2761155,-81.5786751,47.71898761,-32768,19,0,0
44.04,121,1,33.2761071,-81.5786676,47.41077259,-32768,21,0,0
45.23,121,1,33.2761062,-81.5786668,47.42959624,-32768,22,0,0
45.44,121,1,33.2760942,-81.5786541,47.3960625,-32768,22,0,0
45.80,121,1,33.2760917,-81.5786508,47.70312773,-32768,22,0,0
47.18,121,1,33.2760905,-81.5786492,47.30952518,-32768,20,0,0
47.41,121,1,33.2760763,-81.5786372,47.31308279,-32768,21,0,0
47.63,121,1,33.276057,-81.5786188,47.31308279,-32768,21,0,0
48.01,121,1,33.2760541,-81.578616,47.2339587,-32768,21,0,0
49.70,121,1,33.2760487,-81.5786104,46.56295033,-32768,22,0,0
49.92,121,1,33.2760249,-81.5785817,46.37137941,-32768,22,0,0
50.16,121,1,33.2759999,-81.5785526,46.37137941,-32768,22,0,0
50.38,121,1,33.2759971,-81.5785497,45.93599314,-32768,22,0,0
51.66,121,1,33.2759914,-81.5785438,45.694404,-32768,21,0,0
51.88,121,1,33.2759615,-81.5785184,45.694404,-32768,21,0,0
53.23,121,1,33.2759579,-81.5785159,45.59145006,-32768,20,0,0
54.60,121,1,33.2759201,-81.5784888,44.79190291,-32768,23,0,0
54.77,121,1,33.2758439,-81.5784186,44.79190291,-32768,23,0,0
55.02,121,1,33.27584,-81.5784148,44.77388162,-32768,23,0,0
55.26,121,1,33.2758316,-81.5784067,44.44673563,-32768,23,0,0
55.52,121,1,33.2758269,-81.5784021,44.46139524,-32768,23,0,0
55.76,121,1,33.2758195,-81.5783951,44.24215582,-32768,22,0,0
56.96,121,1,33.2758112,-81.5783871,43.94359006,-32768,22,0,0
58.41,121,1,33.2757699,-81.5783413,43.89735584,-32768,22,0,0
58.66,121,1,33.2757271,-81.5782917,44.08096163,-32768,21,0,0
58.90,121,1,33.275676,-81.5782456,44.08096163,-32768,21,0,0
59.60,121,1,33.2756699,-81.5782406,43.93250756,-32768,21,0,0
60.36,121,1,33.2756597,-81.5782324,43.7283704,-32768,22,0,0
60.60,121,1,33.2756054,-81.578189,43.7283704,-32768,22,0,0
62.32,121,1,33.2756013,-81.5781857,43.61680919,-32768,24,20498457909,0
62.61,121,1,33.275499,-81.5780894,43.43011864,-32768,24,20498224646,0
63.10,121,1,33.2754926,-81.5780834,43.4063851,-32768,24,20498194992,0
63.55,121,1,33.2754829,-81.5780744,43.26981002,-32768,26,61494073044,0
63.83,121,1,33.2754257,-81.5780252,43.26981002,-32768,26,61494073044,0
64.08,121,1,33.27542,-81.5780205,43.27541211,-32768,26,61494094043,0
66.63,121,1,33.2754077,-81.5780101,42.56473719,-32768,28,1.02486E+11,0
67.42,121,1,33.2752944,-81.5779135,42.09138185,-32768,29,1.22979E+11,0
67.69,121,1,33.2752359,-81.5778606,41.87577405,-32768,29,1.22978E+11,0
67.95,121,1,33.2752301,-81.5778551,42.02344188,-32768,29,1.22979E+11,0
68.49,121,1,33.2752194,-81.5778451,41.99542683,-32768,30,1.43475E+11,0
68.76,121,1,33.2751517,-81.5777827,41.81831398,-32768,30,1.43473E+11,0
69.84,121,1,33.2751517,-81.5777827,42.36786176,-32768,29,1.22981E+11,0
70.11,121,1,33.2750899,-81.5777287,42.48645619,-32768,29,1.22982E+11,0
70.37,121,1,33.2750836,-81.5777236,42.05476669,-32768,29,1.22979E+11,0
70.65,121,1,33.2750734,-81.5777159,41.93226145,-32768,30,1.43474E+11,0
70.91,121,1,33.2750639,-81.5777085,42.08320412,-32768,30,1.43476E+11,0
71.19,121,1,33.2750529,-81.577699,40.25736223,-32768,30,1.4346E+11,0
71.48,121,1,33.2750064,-81.5776508,40.16223614,-32768,30,1.43459E+11,0
71.75,121,1,33.2750023,-81.5776465,40.23110653,-32768,30,1.4346E+11,0
72.03,121,1,33.2749917,-81.5776355,39.325054,-32768,30,1.43452E+11,0
72.60,121,1,33.2749798,-81.5776236,39.06575834,-32768,30,1.43449E+11,0
72.88,121,1,33.2749729,-81.5776171,39.06575834,-32768,30,1.43449E+11,0
73.70,121,1,33.274966,-81.5776107,40.17822301,-32768,31,1.63953E+11,0
74.00,121,1,33.2749053,-81.5775561,40.17822301,-32768,31,1.63953E+11,0
74.54,121,1,33.2748998,-81.577551,38.71611598,-32768,31,1.63939E+11,0
74.81,121,1,33.2748404,-81.5774942,38.98384906,-32768,31,1.63941E+11,0
75.41,121,1,33.274833,-81.5774873,38.31815148,-32768,31,1.63935E+11,0
75.99,121,1,33.2747688,-81.5774292,38.31815148,-32768,31,1.63935E+11,0
76.57,121,1,33.2747627,-81.5774236,38.60191605,-32768,30,1.43445E+11,0
76.85,121,1,33.2747029,-81.5773676,38.60191605,-32768,30,1.43445E+11,0
77.69,121,1,33.274697,-81.577362,38.36057927,-32768,31,1.63935E+11,0
77.97,121,1,33.2746787,-81.5773449,38.59602968,-32768,31,1.63937E+11,0
78.25,121,1,33.2746537,-81.5773209,38.46167943,-32768,31,1.63936E+11,0
79.14,121,1,33.2746492,-81.5773164,38.5740488,-32768,31,1.63937E+11,0
79.45,121,1,33.2745882,-81.577255,38.52607113,-32768,31,1.63937E+11,0
80.03,121,1,33.274581,-81.5772479,38.88538057,-32768,28,1.02463E+11,0
80.32,121,1,33.2744081,-81.5770686,38.8247453,-32768,28,1.02462E+11,0
80.61,121,1,33.2744027,-81.5770629,38.88298242,-32768,28,1.02463E+11,0
80.90,121,1,33.274393,-81.5770526,39.03766401,-32768,26,61478210500,0
82.08,121,1,33.2743822,-81.5770414,39.08533023,-32768,26,61478389147,0
82.66,121,1,33.2743722,-81.5770308,39.1765671,-32768,26,61478731091,0
83.32,121,1,33.2743609,-81.5770191,38.87460259,-32768,26,61477599369,0
83.94,121,1,33.2743506,-81.5770087,39.07745123,-32768,26,61478359617,0
84.84,121,1,33.2743405,-81.5769986,39.59795586,-32768,27,81973747223,0
85.12,121,1,33.2742921,-81.5769499,39.59795586,-32768,27,81973747223,0
86.04,121,1,33.2742885,-81.5769463,39.95781951,-32768,26,61481659169,0
87.36,121,1,33.2742422,-81.5769031,40.04884341,-32768,27,81976000433,0
88.27,121,1,33.2742079,-81.5768733,40.66524048,-32768,28,1.02474E+11,0
88.57,121,1,33.2741731,-81.5768461,40.39348979,-32768,28,1.02472E+11,0
88.88,121,1,33.2741475,-81.5768297,40.39348979,-32768,28,1.02472E+11,0
89.18,121,1,33.2741438,-81.5768276,40.42323463,-32768,28,1.02472E+11,0
89.56,121,1,33.2741392,-81.5768249,40.2255177,-32768,26,61482662499,0
90.55,121,1,33.274131,-81.5768201,40.2255177,-32768,26,61482662499,0
104.33,121,1,33.2741266,-81.5768173,42.80212552,-32768,26,61492320011,0
110.82,121,1,33.2743402,-81.5768728,42.52852852,-32768,26,61491294493,0
111.18,121,1,33.2743401,-81.5768731,42.52852852,-32768,26,61491294493,0
111.51,121,1,33.2743402,-81.576874,42.52852852,-32768,26,61491294493,0
111.84,121,1,33.274341,-81.5768753,42.52852852,-32768,26,61491294493,0
112.26,121,1,33.2743421,-81.5768761,42.52852852,-32768,26,61491294493,0
112.61,121,1,33.2743439,-81.576877,42.52852852,-32768,26,61491294493,0
114.04,121,1,33.2743456,-81.5768777,42.83,-32768,26,61492424493,0
114.80,121,1,33.2743477,-81.5768784,42.46021281,-32768,26,61491038428,0
115.48,121,1,33.2743502,-81.5768792,42.56869793,-32768,26,61491445058,0
115.90,121,1,33.2743657,-81.5768874,42.56869793,-32768,26,61491445058,0
117.38,121,1,33.2743677,-81.5768885,42.36614865,-32768,27,81987581135,0
117.73,121,1,33.2743917,-81.5769065,42.38537107,-32768,27,81987677202,0
118.07,121,1,33.2744187,-81.5769323,42.38537107,-32768,27,81987677202,0
119.63,121,1,33.2744217,-81.5769352,42.67537431,-32768,27,81989126548,0
120.00,121,1,33.2744501,-81.5769643,41.79259926,-32768,28,1.02481E+11,0
120.35,121,1,33.2744795,-81.5770008,41.79259926,-32768,28,1.02481E+11,0
121.93,121,1,33.2744833,-81.5770052,41.69799921,-32768,29,1.22976E+11,0
122.31,121,1,33.2745185,-81.5770409,41.19483146,-32768,29,1.22973E+11,0
122.66,121,1,33.2745545,-81.5770746,41.19483146,-32768,29,1.22973E+11,0
123.84,121,1,33.2745628,-81.5770826,40.53696915,-32768,30,1.43462E+11,0
125.00,121,1,33.2745962,-81.5771232,40.52115247,-32768,30,1.43462E+11,0
127.02,121,1,33.2748789,-81.5773871,44.56038998,-32768,31,1.63957E+11,0
127.86,121,1,33.2748842,-81.5773923,44.56038998,-32768,31,1.63957E+11,1
128.68,121,1,33.2749001,-81.5774083,44.56038998,-32768,31,1.63957E+11,1
129.06,121,1,33.2749107,-81.5774192,44.56038998,-32768,31,1.63957E+11,1
129.90,121,1,33.2749213,-81.5774301,44.56038998,-32768,30,1.43462E+11,1
130.27,121,1,33.274938,-81.5774477,44.56038998,-32768,30,1.43462E+11,1
130.74,121,1,33.2749556,-81.5774667,44.56038998,-32768,30,1.43462E+11,1
131.12,121,1,33.2749701,-81.5774828,44.56038998,-32768,30,1.43462E+11,1
134.42,121,1,33.2750891,-81.5776167,44.56038998,-32768,31,1.63957E+11,1
135.27,121,1,33.2751478,-81.5776798,44.56038998,-32768,31,1.63957E+11,1
136.13,121,1,33.2749858,-81.5775004,44.56038998,-32768,30,1.43462E+11,1
139.55,121,1,33.2751527,-81.5776848,44.56038998,-32768,33,2.04946E+11,1
140.34,121,1,33.2753499,-81.5778906,44.56038998,-32768,32,1.84451E+11,1
141.65,121,1,33.2754157,-81.5779516,44.56038998,-32768,32,1.84451E+11,1
143.79,121,1,33.2754225,-81.5779573,44.56038998,-32768,31,1.63957E+11,1
145.51,121,1,33.2755979,-81.5781301,44.56038998,-32768,29,1.22967E+11,1
145.89,121,1,33.275766,-81.5783074,44.56038998,-32768,29,1.22967E+11,1
148.17,121,1,33.2757701,-81.5783118,44.56038998,-32768,28,1.02473E+11,1
148.56,121,1,33.2758194,-81.5783636,44.56038998,-32768,27,81978327401,1
149.04,121,1,33.275867,-81.5784159,44.56038998,-32768,27,81978327401,1
149.94,121,1,33.2758717,-81.5784209,44.56038998,-32768,24,20494581850,1
150.31,121,1,33.2759657,-81.5785215,44.56038998,-32768,25,40989163701,1
152.59,121,1,33.27597,-81.5785263,44.56038998,-32768,23,0,1
155.26,121,1,33.2760042,-81.5785599,44.56038998,-32768,23,0,1
155.67,121,1,33.2760879,-81.5786346,44.56038998,-32768,23,0,1
157.58,121,1,33.2760901,-81.5786366,44.56038998,-32768,24,20494581850,1
160.69,121,1,33.2761158,-81.5786652,44.56038998,-32768,23,0,1
164.48,121,1,33.2761239,-81.5786872,44.56038998,-32768,19,0,1
164.98,121,1,33.2761273,-81.578683,44.56038998,-32768,21,0,1
165.93,121,1,33.276115,-81.5786796,44.56038998,-32768,18,0,1
167.81,121,1,33.2761051,-81.5786706,44.56038998,-32768,18,0,1
168.31,121,1,33.2760807,-81.5786469,44.56038998,-32768,18,0,1
168.74,121,1,33.2760793,-81.5786454,44.56038998,-32768,19,0,1
169.22,121,1,33.2760552,-81.5786241,44.56038998,-32768,19,0,1
173.17,121,1,33.2760526,-81.5786218,44.56038998,-32768,19,0,1
174.65,121,1,33.2759927,-81.5785623,44.56038998,-32768,19,0,1
177.12,121,1,33.2757909,-81.5783561,44.56038998,-32768,22,0,1
177.56,121,1,33.2757379,-81.578309,44.56038998,-32768,22,0,1
178.11,121,1,33.2758821,-81.5784456,44.56038998,-32768,22,0,1
178.65,121,1,33.2757339,-81.5783054,44.56038998,-32768,24,20494581850,1
179.10,121,1,33.2756862,-81.5782624,44.56038998,-32768,23,0,1
180.17,121,1,33.2756361,-81.5782134,44.56038998,-32768,23,0,1
180.64,121,1,33.2756315,-81.5782084,44.56038998,-32768,24,20494581850,1
181.72,121,1,33.275586,-81.578161,44.56038998,-32768,26,61483745551,1
182.74,121,1,33.2755048,-81.578072,44.56038998,-32768,26,61483745551,1
183.74,121,1,33.2755,-81.578067,44.56038998,-32768,25,40989163701,1
184.27,121,1,33.2754579,-81.5780286,44.56038998,-32768,25,40989163701,1
184.81,121,1,33.2754532,-81.5780249,44.56038998,-32768,26,61483745551,1
185.28,121,1,33.2754067,-81.5779917,44.56038998,-32768,26,61483745551,1
185.81,121,1,33.2754019,-81.5779886,44.56038998,-32768,25,40989163701,1
186.34,121,1,33.2753518,-81.5779536,44.56038998,-32768,25,40989163701,1
186.80,121,1,33.275347,-81.57795,44.56038998,-32768,28,1.02473E+11,1
187.30,121,1,33.2753025,-81.5779171,44.56038998,-32768,28,1.02473E+11,1
187.82,121,1,33.2752976,-81.5779136,44.56038998,-32768,29,1.22967E+11,1
188.28,121,1,33.2752469,-81.5778752,44.56038998,-32768,29,1.22967E+11,1
188.83,121,1,33.275242,-81.5778711,44.56038998,-32768,31,1.63957E+11,1
189.37,121,1,33.2751946,-81.5778303,44.56038998,-32768,31,1.63957E+11,1
190.37,121,1,33.2751902,-81.5778264,44.56038998,-32768,31,1.63957E+11,1
190.91,121,1,33.2751463,-81.5777825,44.56038998,-32768,31,1.63957E+11,1
191.44,121,1,33.2751406,-81.5777769,44.56038998,-32768,30,1.43462E+11,1
191.91,121,1,33.2750889,-81.5777324,44.56038998,-32768,30,1.43462E+11,1
192.44,121,1,33.2750791,-81.5777259,44.56038998,-32768,32,1.84451E+11,1
192.99,121,1,33.2750313,-81.5776926,44.56038998,-32768,32,1.84451E+11,1
193.45,121,1,33.2750271,-81.5776893,44.56038998,-32768,32,1.84451E+11,1
193.99,121,1,33.275011,-81.577676,44.56038998,-32768,32,1.84451E+11,1
194.52,121,1,33.2750036,-81.5776689,44.56038998,-32768,33,2.04946E+11,1
195.08,121,1,33.2749658,-81.5776265,44.56038998,-32768,33,2.04946E+11,1
195.55,121,1,33.2749618,-81.5776216,44.56038998,-32768,34,2.2544E+11,1
196.07,121,1,33.2749206,-81.5775719,44.56038998,-32768,34,2.2544E+11,1
196.61,121,1,33.2749126,-81.5775617,44.56038998,-32768,33,2.04946E+11,1
197.06,121,1,33.2748739,-81.5775121,44.56038998,-32768,33,2.04946E+11,1
197.60,121,1,33.274871,-81.5775084,44.56038998,-32768,32,1.84451E+11,1
198.10,121,1,33.2748277,-81.577466,44.56038998,-32768,32,1.84451E+11,1
198.64,121,1,33.2748165,-81.5774575,44.56038998,-32768,32,1.84451E+11,1
199.12,121,1,33.2748019,-81.5774469,44.56038998,-32768,32,1.84451E+11,1
199.66,121,1,33.2747847,-81.5774346,44.56038998,-32768,31,1.63957E+11,1
200.20,121,1,33.2746862,-81.5773511,44.56038998,-32768,31,1.63957E+11,1
200.74,121,1,33.2746818,-81.5773468,44.56038998,-32768,30,1.43462E+11,1
201.21,121,1,33.27464,-81.5773045,44.56038998,-32768,30,1.43462E+11,1
201.75,121,1,33.2746335,-81.5772977,44.56038998,-32768,30,1.43462E+11,1
202.30,121,1,33.2746209,-81.5772845,44.56038998,-32768,30,1.43462E+11,1
202.87,121,1,33.2746104,-81.5772732,44.56038998,-32768,29,1.22967E+11,1
203.37,121,1,33.2745982,-81.5772602,44.56038998,-32768,29,1.22967E+11,1
203.90,121,1,33.2745879,-81.5772489,44.56038998,-32768,29,1.22967E+11,1
204.48,121,1,33.2745757,-81.577235,44.56038998,-32768,27,81978327401,1
205.05,121,1,33.2745352,-81.5771944,44.56038998,-32768,27,81978327401,1
205.55,121,1,33.2745309,-81.5771903,44.56038998,-32768,27,81978327401,1
206.13,121,1,33.2745225,-81.5771823,44.56038998,-32768,27,81978327401,1
206.69,121,1,33.2744774,-81.5771393,44.56038998,-32768,27,81978327401,1
207.27,121,1,33.2744694,-81.5771317,44.56038998,-32768,27,81978327401,1
207.74,121,1,33.2744541,-81.5771172,44.56038998,-32768,26,61483745551,1
208.30,121,1,33.274413,-81.5770799,44.56038998,-32768,26,61483745551,1
208.83,121,1,33.2744076,-81.577075,44.56038998,-32768,26,61483745551,1
209.38,121,1,33.2742573,-81.5769359,44.56038998,-32768,26,61483745551,1
209.93,121,1,33.2742573,-81.5769359,44.56038998,-32768,26,61483745551,1
210.40,121,1,33.2742436,-81.5769234,44.56038998,-32768,27,81978327401,1
210.95,121,1,33.2741666,-81.5768493,44.56038998,-32768,27,81978327401,1
211.51,121,1,33.2741634,-81.5768463,44.56038998,-32768,26,61483745551,1
212.06,121,1,33.2741361,-81.5768216,44.56038998,-32768,26,61483745551,1
212.64,121,1,33.2741336,-81.5768192,44.56038998,-32768,26,61483745551,1
213.14,121,1,33.2741272,-81.5768131,44.56038998,-32768,26,61483745551,1
213.69,121,1,33.2741216,-81.5768075,44.56038998,-32768,27,81978327401,1
214.23,121,1,33.2741171,-81.576803,44.56038998,-32768,27,81978327401,1
214.78,121,1,33.2741123,-81.5767983,44.56038998,-32768,27,81978327401,1
215.33,121,1,33.2741075,-81.5767937,44.56038998,-32768,27,81978327401,1
215.83,121,1,33.2741033,-81.5767899,44.56038998,-32768,27,81978327401,1
216.40,121,1,33.2740995,-81.576787,44.56038998,-32768,27,81978327401,1
216.96,121,1,33.2740959,-81.5767846,44.56038998,-32768,27,81978327401,1
217.53,121,1,33.2740855,-81.5767807,44.56038998,-32768,27,81978327401,1
218.11,121,1,33.2740855,-81.5767807,44.56038998,-32768,28,1.02473E+11,1
218.72,121,1,33.2740765,-81.576779,44.56038998,-32768,28,1.02473E+11,1
219.23,121,1,33.2740757,-81.5767787,44.56038998,-32768,28,1.02473E+11,1
219.78,121,1,33.2740738,-81.5767783,44.56038998,-32768,26,61483745551,1
220.35,121,1,33.2740691,-81.5767775,44.56038998,-32768,26,61483745551,1
220.97,121,1,33.2740691,-81.5767775,44.56038998,-32768,27,81978327401,1
221.58,121,1,33.274067,-81.5767755,44.56038998,-32768,28,1.02473E+11,1
222.18,121,1,33.2740667,-81.576775,44.56038998,-32768,27,81978327401,1
222.69,121,1,33.2740678,-81.5767735,44.56038998,-32768,27,81978327401,1
223.25,121,1,33.2740678,-81.5767734,44.56038998,-32768,27,81978327401,1
223.82,121,1,33.274068,-81.5767731,44.56038998,-32768,27,81978327401,1
224.39,121,1,33.2740681,-81.576773,44.56038998,-32768,27,81978327401,1
224.98,121,1,33.2740684,-81.5767725,44.56038998,-32768,26,61483745551,1
225.56,121,1,33.2740719,-81.5767654,44.56038998,-32768,26,61483745551,1
226.07,121,1,33.2740725,-81.576764,44.56038998,-32768,26,61483745551,1
226.67,121,1,33.2740743,-81.57676,44.56038998,-32768,25,40989163701,1
227.23,121,1,33.2740948,-81.5767157,44.56038998,-32768,25,40989163701,1
227.81,121,1,33.2740962,-81.5767126,44.56038998,-32768,25,40989163701,1
228.41,121,1,33.2741007,-81.576703,44.56038998,-32768,25,40989163701,1
229.00,121,1,33.2741033,-81.5766974,44.56038998,-32768,25,40989163701,1
229.61,121,1,33.274108,-81.5766877,44.56038998,-32768,25,40989163701,1
230.22,121,1,33.2741261,-81.576654,44.56038998,-32768,25,40989163701,1
230.73,121,1,33.2741284,-81.5766502,44.56038998,-32768,25,40989163701,1
231.29,121,1,33.2741463,-81.5766228,44.56038998,-32768,25,40989163701,1
231.84,121,1,33.2741482,-81.5766204,44.56038998,-32768,25,40989163701,1
232.39,121,1,33.2741621,-81.576606,44.56038998,-32768,25,40989163701,1
232.98,121,1,33.2741629,-81.5766056,44.56038998,-32768,25,40989163701,1
233.57,121,1,33.2741689,-81.5766056,44.56038998,-32768,25,40989163701,1
234.19,121,1,33.2741696,-81.5766058,44.56038998,-32768,25,40989163701,1
234.79,121,1,33.2741699,-81.5766039,44.56038998,-32768,25,40989163701,1
235.30,121,1,33.2741698,-81.5766036,44.56038998,-32768,24,20494581850,1
235.92,121,1,33.2741702,-81.5766038,44.56038998,-32768,24,20494581850,1
236.50,121,1,33.2741704,-81.576604,44.56038998,-32768,24,20494581850,1
237.10,121,1,33.2741766,-81.5766073,44.56038998,-32768,24,20494581850,1
237.70,121,1,33.2741893,-81.5766132,44.56038998,-32768,24,20494581850,1
238.30,121,1,33.2741893,-81.5766132,44.56038998,-32768,24,20494581850,1
238.92,121,1,33.2741941,-81.5766154,44.56038998,-32768,24,20494581850,1
239.52,121,1,33.2742116,-81.5766267,44.56038998,-32768,24,20494581850,1
240.13,121,1,33.2742138,-81.5766286,44.56038998,-32768,24,20494581850,1
240.75,121,1,33.274235,-81.5766483,44.56038998,-32768,24,20494581850,1
241.38,121,1,33.27424,-81.5766532,44.56038998,-32768,25,40989163701,1
241.90,121,1,33.2742652,-81.5766808,44.56038998,-32768,25,40989163701,1
242.47,121,1,33.2742678,-81.5766836,44.56038998,-32768,26,61483745551,1
243.07,121,1,33.274298,-81.5767143,44.56038998,-32768,26,61483745551,1
243.67,121,1,33.2743051,-81.5767215,44.56038998,-32768,26,61483745551,1
244.29,121,1,33.2743367,-81.5767525,44.56038998,-32768,26,61483745551,1
244.90,121,1,33.2743415,-81.576757,44.56038998,-32768,24,20494581850,1
245.51,121,1,33.2744282,-81.5768296,44.56038998,-32768,24,20494581850,1
246.13,121,1,33.2744282,-81.5768296,44.56038998,-32768,24,20494581850,1
246.75,121,1,33.274443,-81.576841,44.56038998,-32768,24,20494581850,1
247.37,121,1,33.2744597,-81.5768543,44.56038998,-32768,26,61483745551,1
247.99,121,1,33.274572,-81.5769484,44.56038998,-32768,26,61483745551,1
248.62,121,1,33.2745784,-81.5769538,44.56038998,-32768,26,61483745551,1
249.25,121,1,33.2746301,-81.5769983,44.56038998,-32768,26,61483745551,1
249.88,121,1,33.2746414,-81.5770085,44.56038998,-32768,26,61483745551,1
250.51,121,1,33.2746528,-81.5770187,44.56038998,-32768,26,61483745551,1
251.16,121,1,33.2746707,-81.5770349,44.56038998,-32768,26,61483745551,1
251.67,121,1,33.2746899,-81.5770519,44.56038998,-32768,29,1.22967E+11,1
252.28,121,1,33.2747489,-81.5771064,44.56038998,-32768,29,1.22967E+11,1
252.85,121,1,33.274762,-81.5771185,44.56038998,-32768,31,1.63957E+11,1
253.45,121,1,33.2748194,-81.5771712,44.56038998,-32768,31,1.63957E+11,1
254.03,121,1,33.2748253,-81.5771769,44.56038998,-32768,33,2.04946E+11,1
254.61,121,1,33.2748883,-81.5772341,44.56038998,-32768,33,2.04946E+11,1
255.19,121,1,33.2749493,-81.5772906,44.56038998,-32768,33,2.04946E+11,1
255.79,121,1,33.2749549,-81.5772957,44.56038998,-32768,39,3.27913E+11,1
256.37,121,1,33.2752078,-81.57751,44.56038998,-32768,39,3.27913E+11,1
256.99,121,1,33.2752144,-81.5775161,44.56038998,-32768,39,3.27913E+11,1
257.59,121,1,33.2752359,-81.5775362,44.56038998,-32768,39,3.27913E+11,1
258.18,121,1,33.2752492,-81.5775485,44.56038998,-32768,40,3.48408E+11,1
258.79,121,1,33.2752717,-81.5775689,44.56038998,-32768,40,3.48408E+11,1
259.40,121,1,33.2752844,-81.57758,44.56038998,-32768,41,3.68902E+11,1
260.02,121,1,33.2753401,-81.5776285,44.56038998,-32768,41,3.68902E+11,1
260.62,121,1,33.2753489,-81.5776369,44.56038998,-32768,41,3.68902E+11,1
261.21,121,1,33.2753665,-81.5776549,44.56038998,-32768,41,3.68902E+11,1
261.80,121,1,33.2753861,-81.5776768,44.56038998,-32768,41,3.68902E+11,1
262.40,121,1,33.275397,-81.5776897,44.56038998,-32768,41,3.68902E+11,1
263.02,121,1,33.2754152,-81.5777117,44.56038998,-32768,41,3.68902E+11,1
263.66,121,1,33.275435,-81.5777354,44.56038998,-32768,40,3.48408E+11,1
264.30,121,1,33.2754952,-81.5778036,44.56038998,-32768,40,3.48408E+11,1
264.93,121,1,33.2755017,-81.5778107,44.56038998,-32768,38,3.07419E+11,1
265.57,121,1,33.2755644,-81.5778793,44.56038998,-32768,38,3.07419E+11,1
266.19,121,1,33.2755772,-81.5778926,44.56038998,-32768,36,2.6643E+11,1
266.79,121,1,33.2757148,-81.5780179,44.56038998,-32768,36,2.6643E+11,1
267.40,121,1,33.2757219,-81.5780239,44.56038998,-32768,34,2.2544E+11,1
268.01,121,1,33.2757915,-81.5780866,44.56038998,-32768,34,2.2544E+11,1
268.63,121,1,33.2757998,-81.5780942,44.56038998,-32768,31,1.63957E+11,1
269.27,121,1,33.2759363,-81.578212,44.56038998,-32768,31,1.63957E+11,1
269.89,121,1,33.2759443,-81.5782188,44.56038998,-32768,30,1.43462E+11,1
270.48,121,1,33.2759987,-81.578265,44.56038998,-32768,30,1.43462E+11,1
271.07,121,1,33.2760054,-81.5782709,44.56038998,-32768,30,1.43462E+11,1
271.67,121,1,33.276022,-81.5782852,44.56038998,-32768,29,1.22967E+11,1
272.27,121,1,33.2760371,-81.578298,44.56038998,-32768,29,1.22967E+11,1
272.88,121,1,33.2760916,-81.5783453,44.56038998,-32768,29,1.22967E+11,1
273.58,121,1,33.2761012,-81.5783537,44.56038998,-32768,29,1.22967E+11,1
274.26,121,1,33.2761153,-81.5783658,44.56038998,-32768,27,81978327401,1
274.93,121,1,33.2761228,-81.5783725,44.56038998,-32768,27,81978327401,1
275.58,121,1,33.2761351,-81.5783835,44.56038998,-32768,25,40989163701,1
276.23,121,1,33.2761692,-81.5784159,44.56038998,-32768,24,20494581850,1
276.89,121,1,33.2761978,-81.5784412,44.56038998,-32768,24,20494581850,1
277.55,121,1,33.2762001,-81.5784431,44.56038998,-32768,21,0,1
278.20,121,1,33.2762322,-81.5784787,44.56038998,-32768,21,0,1
278.84,121,1,33.2762331,-81.5784803,44.56038998,-32768,19,0,1
279.50,121,1,33.2762382,-81.5784901,44.56038998,-32768,19,0,1
280.14,121,1,33.2762391,-81.5784911,44.56038998,-32768,19,0,1
280.78,121,1,33.2762403,-81.5784922,44.56038998,-32768,19,0,1
281.42,121,1,33.2762414,-81.5784935,44.56038998,-32768,18,0,1
282.07,121,1,33.2762424,-81.5784981,44.56038998,-32768,18,0,1
282.69,121,1,33.2762423,-81.5784987,44.56038998,-32768,18,0,1
283.31,121,1,33.2762404,-81.5785023,44.56038998,-32768,18,0,1
284.03,121,1,33.2762402,-81.5785025,44.56038998,-32768,19,0,1
284.69,121,1,33.2762379,-81.5785048,44.56038998,-32768,20,0,1
285.35,121,1,33.276235,-81.5785041,44.56038998,-32768,20,0,1
286.00,121,1,33.2762351,-81.5785035,44.56038998,-32768,21,0,1
286.65,121,1,33.2762407,-81.5784956,44.56038998,-32768,21,0,1
287.27,121,1,33.276242,-81.5784943,44.56038998,-32768,22,0,1
287.91,121,1,33.2762538,-81.5784829,44.56038998,-32768,22,0,1
288.56,121,1,33.2762544,-81.5784819,44.56038998,-32768,24,20494581850,1
289.18,121,1,33.276286,-81.5784303,44.56038998,-32768,24,20494581850,1
289.78,121,1,33.2762884,-81.5784267,44.56038998,-32768,23,0,1
290.40,121,1,33.2763236,-81.5783563,44.56038998,-32768,23,0,1
291.10,121,1,33.2763347,-81.5783304,44.56038998,-32768,23,0,1
291.77,121,1,33.2763355,-81.5783287,44.56038998,-32768,23,0,1
292.42,121,1,33.2763371,-81.5783254,44.56038998,-32768,23,0,1
293.06,121,1,33.2763395,-81.5783183,44.56038998,-32768,23,0,1
293.72,121,1,33.2763396,-81.5783177,44.56038998,-32768,23,0,1
294.35,121,1,33.2763401,-81.5783167,44.56038998,-32768,23,0,1
294.96,121,1,33.2763396,-81.5783155,44.56038998,-32768,23,0,1
295.60,121,1,33.2763393,-81.5783154,44.56038998,-32768,23,0,1
296.31,121,1,33.2763381,-81.5783151,44.56038998,-32768,23,0,1
297.00,121,1,33.2763369,-81.5783149,44.56038998,-32768,20,0,1
297.66,121,1,33.2763356,-81.5783143,44.56038998,-32768,20,0,1
298.33,121,1,33.2763355,-81.5783141,44.56038998,-32768,19,0,1
299.01,121,1,33.2763333,-81.5783137,44.56038998,-32768,19,0,1
299.65,121,1,33.2763324,-81.5783135,44.56038998,-32768,20,0,1
300.30,121,1,33.2763267,-81.5783089,44.56038998,-32768,18,0,1
300.94,121,1,33.2763015,-81.5782916,44.56038998,-32768,18,0,1
301.67,121,1,33.2762993,-81.5782902,44.56038998,-32768,18,0,1
302.35,121,1,33.2762766,-81.578274,44.56038998,-32768,18,0,1
303.03,121,1,33.2762746,-81.5782725,44.56038998,-32768,18,0,1
303.69,121,1,33.2762695,-81.5782687,44.56038998,-32768,18,0,1
304.36,121,1,33.2762636,-81.5782644,44.56038998,-32768,26,61483745551,1
304.98,121,1,33.2762333,-81.5782423,44.56038998,-32768,26,61483745551,1
305.69,121,1,33.2762292,-81.5782391,44.56038998,-32768,28,1.02473E+11,1
306.37,121,1,33.2761646,-81.5781848,44.56038998,-32768,24,20494581850,1
307.03,121,1,33.2761225,-81.5781455,44.56038998,-32768,24,20494581850,1
307.68,121,1,33.2761225,-81.5781455,44.56038998,-32768,24,20494581850,1
308.36,121,1,33.276108,-81.5781315,44.56038998,-32768,23,0,1
309.00,121,1,33.2760623,-81.5780864,44.56038998,-32768,23,0,1
309.73,121,1,33.2760586,-81.5780824,44.56038998,-32768,23,0,1
310.42,121,1,33.2760476,-81.5780709,44.56038998,-32768,22,0,1
311.10,121,1,33.2760101,-81.5780373,44.56038998,-32768,22,0,1
311.77,121,1,33.2760067,-81.5780346,44.56038998,-32768,23,0,1
312.42,121,1,33.2759115,-81.5779532,44.56038998,-32768,23,0,1
313.07,121,1,33.2759067,-81.577949,44.56038998,-32768,25,40989163701,1
313.80,121,1,33.2758581,-81.5779021,44.56038998,-32768,25,40989163701,1
314.46,121,1,33.2758542,-81.5778983,44.56038998,-32768,29,1.22967E+11,1
315.10,121,1,33.2757507,-81.5777997,44.56038998,-32768,29,1.22967E+11,1
315.73,121,1,33.275745,-81.5777941,44.56038998,-32768,29,1.22967E+11,1
316.37,121,1,33.2757295,-81.5777784,44.56038998,-32768,29,1.22967E+11,1
317.10,121,1,33.275718,-81.5777665,44.56038998,-32768,26,61483745551,1
317.76,121,1,33.2757026,-81.5777502,44.56038998,-32768,30,1.43462E+11,1
318.45,121,1,33.2755353,-81.5775919,44.56038998,-32768,30,1.43462E+11,1
319.12,121,1,33.2755279,-81.5775854,44.56038998,-32768,33,2.04946E+11,1
319.77,121,1,33.2754666,-81.5775307,44.56038998,-32768,33,2.04946E+11,1
320.51,121,1,33.2754545,-81.5775197,44.56038998,-32768,33,2.04946E+11,1
321.20,121,1,33.2754337,-81.5775012,44.56038998,-32768,33,2.04946E+11,1
321.89,121,1,33.2754206,-81.5774897,44.56038998,-32768,35,2.45935E+11,1
322.60,121,1,33.2753561,-81.577434,44.56038998,-32768,35,2.45935E+11,1
323.33,121,1,33.2753494,-81.5774281,44.56038998,-32768,35,2.45935E+11,1
324.02,121,1,33.2753291,-81.5774105,44.56038998,-32768,35,2.45935E+11,1
324.70,121,1,33.2753107,-81.5773946,44.56038998,-32768,39,3.27913E+11,1
325.37,121,1,33.2752436,-81.5773351,44.56038998,-32768,56,6.76321E+11,1
326.05,121,1,33.2751073,-81.5772116,44.56038998,-32768,56,6.76321E+11,1
326.80,121,1,33.2751007,-81.5772055,44.56038998,-32768,56,6.76321E+11,1
327.52,121,1,33.2750849,-81.5771907,44.56038998,-32768,55,6.55827E+11,1
328.21,121,1,33.2750205,-81.5771295,44.56038998,-32768,55,6.55827E+11,1
328.89,121,1,33.2750143,-81.5771234,44.56038998,-32768,55,6.55827E+11,1
329.66,121,1,33.2750012,-81.5771104,44.56038998,-32768,60,7.583E+11,1
330.35,121,1,33.2749384,-81.5770478,44.56038998,-32768,58,7.1731E+11,1
331.05,121,1,33.2748757,-81.5769929,44.56038998,-32768,58,7.1731E+11,1
331.70,121,1,33.2748637,-81.5769826,44.56038998,-32768,47,4.9187E+11,1
332.48,121,1,33.2747996,-81.5769222,44.56038998,-32768,42,3.89397E+11,1
333.19,121,1,33.2747339,-81.5768566,44.56038998,-32768,42,3.89397E+11,1
333.88,121,1,33.2747274,-81.5768501,44.56038998,-32768,38,3.07419E+11,1
334.58,121,1,33.2746617,-81.5767869,44.56038998,-32768,38,3.07419E+11,1
335.38,121,1,33.2746552,-81.5767808,44.56038998,-32768,35,2.45935E+11,1
336.11,121,1,33.2745916,-81.57672,44.56038998,-32768,35,2.45935E+11,1
336.80,121,1,33.2744655,-81.5766071,44.56038998,-32768,35,2.45935E+11,1
337.56,121,1,33.2744588,-81.5766014,44.56038998,-32768,35,2.45935E+11,1
338.29,121,1,33.2744436,-81.5765884,44.56038998,-32768,35,2.45935E+11,1
339.01,121,1,33.2744275,-81.5765743,44.56038998,-32768,36,2.6643E+11,1
339.72,121,1,33.274394,-81.5765406,44.56038998,-32768,36,2.6643E+11,1
340.46,121,1,33.2743904,-81.576537,44.56038998,-32768,31,1.63957E+11,1
341.16,121,1,33.2743515,-81.5765005,44.56038998,-32768,28,1.02473E+11,1
341.85,121,1,33.2743005,-81.5764506,44.56038998,-32768,28,1.02473E+11,1
342.52,121,1,33.2742992,-81.5764494,44.56038998,-32768,28,1.02473E+11,1
343.29,121,1,33.2742938,-81.5764451,44.56038998,-32768,26,61483745551,1
344.01,121,1,33.2742811,-81.576437,44.56038998,-32768,26,61483745551,1
344.72,121,1,33.2742787,-81.5764358,44.56038998,-32768,28,1.02473E+11,1
345.50,121,1,33.2742708,-81.5764283,44.56038998,-32768,30,1.43462E+11,1
346.22,121,1,33.2742657,-81.5764232,44.56038998,-32768,30,1.43462E+11,1
346.90,121,1,33.2742653,-81.5764232,44.56038998,-32768,26,61483745551,1
347.68,121,1,33.2742646,-81.5764251,44.56038998,-32768,27,81978327401,1
348.38,121,1,33.2742654,-81.5764264,44.56038998,-32768,27,81978327401,1
349.08,121,1,33.2742657,-81.5764259,44.56038998,-32768,28,1.02473E+11,1
349.76,121,1,33.274271,-81.5764158,44.56038998,-32768,31,1.63957E+11,1
350.52,121,1,33.2742812,-81.5763947,44.56038998,-32768,33,2.04946E+11,1
351.23,121,1,33.2742944,-81.5763689,44.56038998,-32768,33,2.04946E+11,1
351.95,121,1,33.2742965,-81.5763654,44.56038998,-32768,31,1.63957E+11,1
352.74,121,1,33.2743161,-81.5763357,44.56038998,-32768,31,1.63957E+11,1
353.48,121,1,33.2743203,-81.5763298,44.56038998,-32768,32,1.84451E+11,1
354.21,121,1,33.2743395,-81.5763029,44.56038998,-32768,30,1.43462E+11,1
355.00,121,1,33.2743579,-81.5762777,44.56038998,-32768,30,1.43462E+11,1
355.72,121,1,33.2743587,-81.5762764,44.56038998,-32768,28,1.02473E+11,1
356.41,121,1,33.274367,-81.5762629,44.56038998,-32768,29,1.22967E+11,1
357.19,121,1,33.2743686,-81.5762592,44.56038998,-32768,29,1.22967E+11,1
357.92,121,1,33.2743685,-81.5762594,44.56038998,-32768,29,1.22967E+11,1
358.63,121,1,33.2743664,-81.5762615,44.56038998,-32768,25,40989163701,1
359.41,121,1,33.2743707,-81.5762617,44.56038998,-32768,25,40989163701,1
360.15,121,1,33.2743715,-81.5762623,44.56038998,-32768,25,40989163701,1
360.87,121,1,33.2743801,-81.5762695,44.56038998,-32768,25,40989163701,1
361.68,121,1,33.2743814,-81.5762706,44.56038998,-32768,25,40989163701,1
362.40,121,1,33.2743851,-81.5762735,44.56038998,-32768,21,0,1
363.10,121,1,33.2744009,-81.5762861,44.56038998,-32768,23,0,1
363.92,121,1,33.2744471,-81.5763276,44.56038998,-32768,24,20494581850,1
364.65,121,1,33.2744754,-81.5763568,44.56038998,-32768,25,40989163701,1
365.46,121,1,33.2745076,-81.5763867,44.56038998,-32768,26,61483745551,1
366.23,121,1,33.2745379,-81.5764159,44.56038998,-32768,26,61483745551,1
366.96,121,1,33.274541,-81.5764189,44.56038998,-32768,27,81978327401,1
367.77,121,1,33.274575,-81.5764499,44.56038998,-32768,27,81978327401,1
368.52,121,1,33.2745785,-81.5764531,44.56038998,-32768,29,1.22967E+11,1
369.27,121,1,33.2746145,-81.5764891,44.56038998,-32768,29,1.22967E+11,1
370.07,121,1,33.2746188,-81.5764937,44.56038998,-32768,29,1.22967E+11,1
370.82,121,1,33.2746261,-81.5765016,44.56038998,-32768,29,1.22967E+11,1
371.54,121,1,33.2746364,-81.5765123,44.56038998,-32768,29,1.22967E+11,1
372.34,121,1,33.2746746,-81.5765465,44.56038998,-32768,29,1.22967E+11,1
373.08,121,1,33.2747251,-81.576587,44.56038998,-32768,29,1.22967E+11,1
373.85,121,1,33.2747303,-81.5765911,44.56038998,-32768,29,1.22967E+11,1
374.59,121,1,33.2747852,-81.5766332,44.56038998,-32768,28,1.02473E+11,1
375.34,121,1,33.2748389,-81.5766756,44.56038998,-32768,29,1.22967E+11,1
376.15,121,1,33.2748922,-81.5767226,44.56038998,-32768,29,1.22967E+11,1
376.90,121,1,33.2748976,-81.5767275,44.56038998,-32768,29,1.22967E+11,1
377.73,121,1,33.2749526,-81.5767759,44.56038998,-32768,32,1.84451E+11,1
378.51,121,1,33.2750165,-81.5768308,44.56038998,-32768,32,1.84451E+11,1
379.25,121,1,33.2750224,-81.5768359,44.56038998,-32768,42,3.89397E+11,1
380.07,121,1,33.2750731,-81.5768807,44.56038998,-32768,46,4.71375E+11,1
380.84,121,1,33.2751357,-81.5769391,44.56038998,-32768,61,7.78794E+11,1
381.66,121,1,33.2751937,-81.5769924,44.56038998,-32768,61,7.78794E+11,1
382.42,121,1,33.2752024,-81.5770004,44.56038998,-32768,87,1.31165E+12,1
383.16,121,1,33.2753319,-81.5771186,44.56038998,-32768,87,1.31165E+12,1
384.00,121,1,33.2753384,-81.5771246,44.56038998,-32768,100,1.57808E+12,1
384.75,121,1,33.2754655,-81.5772328,44.56038998,-32768,100,1.57808E+12,1
385.56,121,1,33.2754721,-81.5772383,44.56038998,-32768,91,1.39363E+12,1
386.31,121,1,33.2755361,-81.5772944,44.56038998,-32768,91,1.39363E+12,1
387.12,121,1,33.2755422,-81.5773,44.56038998,-32768,71,9.8374E+11,1
387.88,121,1,33.2755483,-81.5773055,44.56038998,-32768,52,5.94343E+11,1
388.61,121,1,33.275615,-81.5773712,44.56038998,-32768,44,4.30386E+11,1
389.45,121,1,33.2758062,-81.577568,44.56038998,-32768,44,4.30386E+11,1
390.18,121,1,33.2758153,-81.5775775,44.56038998,-32768,44,4.30386E+11,1
391.02,121,1,33.2758338,-81.5775963,44.56038998,-32768,44,4.30386E+11,1
391.78,121,1,33.2758538,-81.5776163,44.56038998,-32768,38,3.07419E+11,1
392.61,121,1,33.2758701,-81.5776321,44.56038998,-32768,30,1.43462E+11,1
393.36,121,1,33.2759556,-81.5777084,44.56038998,-32768,30,1.43462E+11,1
394.21,121,1,33.2759627,-81.5777144,44.56038998,-32768,28,1.02473E+11,1
395.01,121,1,33.2761014,-81.5778239,44.56038998,-32768,29,1.22967E+11,1
395.77,121,1,33.2761677,-81.5778796,44.56038998,-32768,24,20494581850,1
396.62,121,1,33.2762243,-81.57793,44.56038998,-32768,24,20494581850,1
397.41,121,1,33.2762308,-81.5779362,44.56038998,-32768,24,20494581850,1
398.27,121,1,33.2762464,-81.5779512,44.56038998,-32768,19,0,1
1.43,123,1,33.2756511,-81.5774185,30.70809238,-32768,50,5.53023E+11,0
0.37,126,1,33.2753766,-81.5771161,49.54093699,-32768,53,6.15176E+11,0
0.58,126,1,33.275376,-81.5771174,49.84412774,-32768,53,6.15187E+11,0
0.87,126,1,33.275375,-81.5771194,49.84412774,-32768,53,6.15187E+11,0
1.19,126,1,33.275374,-81.5771204,49.84412774,-32768,53,6.15187E+11,0
1.51,126,1,33.2753728,-81.5771198,49.84412774,-32768,53,6.15187E+11,0
1.77,126,1,33.2753715,-81.5771183,49.84412774,-32768,56,6.76706E+11,0
2.07,126,1,33.2753699,-81.5771162,49.84412774,-32768,56,6.76706E+11,0
2.27,126,1,33.2753685,-81.5771144,49.84412774,-32768,56,6.76706E+11,0
2.58,126,1,33.2753659,-81.5771108,49.84412774,-32768,56,6.76706E+11,0
2.89,126,1,33.2753628,-81.5771062,49.84412774,-32768,57,6.97212E+11,0
3.17,126,1,33.2753588,-81.5770991,49.84412774,-32768,57,6.97212E+11,0
3.37,126,1,33.2753561,-81.5770944,49.84412774,-32768,57,6.97212E+11,0
3.57,126,1,33.2753536,-81.5770895,49.84412774,-32768,57,6.97212E+11,0
3.81,126,1,33.2753504,-81.5770827,48.61035989,-32768,56,6.76655E+11,0
3.97,126,1,33.2753473,-81.5770762,48.67589646,-32768,56,6.76658E+11,0
4.19,126,1,33.2753459,-81.5770736,48.79715655,-32768,56,6.76663E+11,0
4.38,126,1,33.2753408,-81.5770623,48.80347908,-32768,56,6.76663E+11,0
4.57,126,1,33.2753374,-81.5770551,48.79555028,-32768,56,6.76663E+11,0
4.77,126,1,33.2753343,-81.5770488,48.85881706,-32768,57,6.9717E+11,0
4.96,126,1,33.2753305,-81.5770411,49.13880458,-32768,57,6.97182E+11,0
5.17,126,1,33.2753287,-81.5770376,48.51867869,-32768,57,6.97156E+11,0
5.43,126,1,33.2753238,-81.5770273,49.02845511,-32768,57,6.97177E+11,0
5.58,126,1,33.2753221,-81.5770239,48.93960743,-32768,57,6.97174E+11,0
5.79,126,1,33.2753185,-81.5770162,48.8054878,-32768,56,6.76663E+11,0
5.97,126,1,33.2753157,-81.5770097,48.83270382,-32768,56,6.76664E+11,0
6.87,126,1,33.2753123,-81.5770017,48.98584808,-32768,55,6.56165E+11,0
6.98,126,1,33.275301,-81.5769727,49.02533961,-32768,55,6.56167E+11,0
7.27,126,1,33.2752977,-81.5769651,49.16144329,-32768,55,6.56172E+11,0
7.37,126,1,33.2752939,-81.5769562,49.16144329,-32768,55,6.56172E+11,0
7.49,126,1,33.2752879,-81.5769421,48.9612301,-32768,55,6.56164E+11,0
7.68,126,1,33.2752854,-81.5769363,49.17918939,-32768,55,6.56173E+11,0
7.89,126,1,33.2752814,-81.5769265,49.24272536,-32768,55,6.56176E+11,0
8.08,126,1,33.2752766,-81.5769153,49.34397948,-32768,55,6.5618E+11,0
8.28,126,1,33.2752723,-81.5769049,49.11888976,-32768,55,6.56171E+11,0
8.48,126,1,33.2752679,-81.5768943,49.11971635,-32768,55,6.56171E+11,0
8.69,126,1,33.2752631,-81.5768823,49.07151889,-32768,55,6.56169E+11,0
8.88,126,1,33.2752587,-81.5768714,49.20404874,-32768,51,5.74152E+11,0
9.08,126,1,33.2752542,-81.5768603,49.31954264,-32768,51,5.74156E+11,0
9.35,126,1,33.2752516,-81.5768536,49.27984796,-32768,51,5.74155E+11,0
10.47,126,1,33.275245,-81.5768377,49.02399966,-32768,54,6.35662E+11,0
10.61,126,1,33.2752256,-81.5767873,49.42989303,-32768,54,6.35677E+11,0
10.77,126,1,33.2752212,-81.5767753,48.93048176,-32768,52,5.94648E+11,0
10.95,126,1,33.2752167,-81.5767632,48.9349816,-32768,52,5.94648E+11,0
11.14,126,1,33.2752094,-81.5767428,49.01393767,-32768,52,5.94651E+11,0
11.28,126,1,33.2752071,-81.5767363,48.85426551,-32768,52,5.94645E+11,0
11.48,126,1,33.2752026,-81.5767229,48.46498922,-32768,52,5.94631E+11,0
11.74,126,1,33.2751982,-81.5767097,48.78488625,-32768,52,5.94643E+11,0
13.58,126,1,33.2751939,-81.5766962,48.76612039,-32768,52,5.94642E+11,0
13.69,126,1,33.2751891,-81.5766809,49.0377723,-32768,52,5.94652E+11,0
13.79,126,1,33.2751846,-81.5766669,48.67256377,-32768,52,5.94638E+11,0
13.95,126,1,33.2751799,-81.5766534,48.61561279,-32768,52,5.94636E+11,0
14.05,126,1,33.2751747,-81.5766398,48.75921769,-32768,52,5.94642E+11,0
14.20,126,1,33.2751687,-81.5766239,48.62273444,-32768,51,5.74132E+11,0
16.16,126,1,33.275164,-81.5766111,47.01752614,-32768,48,5.12568E+11,0
16.27,126,1,33.2750924,-81.5764041,46.96826217,-32768,48,5.12566E+11,0
16.32,126,1,33.2750885,-81.5763944,47.04659067,-32768,48,5.12569E+11,0
16.50,126,1,33.2750827,-81.5763799,47.13615309,-32768,48,5.12571E+11,0
16.62,126,1,33.2750731,-81.5763564,47.06841226,-32768,48,5.12569E+11,0
16.84,126,1,33.2750697,-81.5763481,47.05441645,-32768,49,5.33072E+11,0
17.00,126,1,33.2750593,-81.5763232,46.41899938,-32768,49,5.33051E+11,0
17.20,126,1,33.2750557,-81.5763149,46.90733203,-32768,49,5.33067E+11,0
17.39,126,1,33.2750484,-81.5762968,46.62769956,-32768,49,5.33058E+11,0
17.66,126,1,33.2750419,-81.5762804,47.23453908,-32768,49,5.33077E+11,0
17.89,126,1,33.2750357,-81.5762641,47.26613396,-32768,44,4.30563E+11,0
18.15,126,1,33.2750296,-81.5762482,46.7216397,-32768,44,4.30549E+11,0
18.21,126,1,33.2750221,-81.5762285,46.76649741,-32768,44,4.3055E+11,0
18.39,126,1,33.2750158,-81.5762122,46.88908809,-32768,44,4.30553E+11,0
18.59,126,1,33.2750089,-81.5761946,46.66116921,-32768,44,4.30547E+11,0
18.81,126,1,33.2750027,-81.5761783,47.39307853,-32768,41,3.69057E+11,0
19.00,126,1,33.2749972,-81.5761632,47.0130249,-32768,41,3.69049E+11,0
19.34,126,1,33.2749909,-81.5761455,46.89647456,-32768,41,3.69046E+11,0
19.48,126,1,33.2749855,-81.5761306,46.56528606,-32768,41,3.69039E+11,0
19.68,126,1,33.2749792,-81.5761126,46.82766396,-32768,41,3.69044E+11,0
19.88,126,1,33.274974,-81.5760978,46.82682047,-32768,29,1.23015E+11,0
20.03,126,1,33.2749684,-81.5760816,46.76251783,-32768,29,1.23014E+11,0
20.24,126,1,33.274962,-81.5760638,46.67963721,-32768,29,1.23014E+11,0
20.53,126,1,33.2749561,-81.5760475,46.91322097,-32768,29,1.23015E+11,0
20.65,126,1,33.2749507,-81.5760329,46.59923307,-32768,29,1.23013E+11,0
20.92,126,1,33.2749446,-81.5760165,46.80280244,-32768,22,0,0
21.23,126,1,33.2749378,-81.5759984,46.70544583,-32768,22,0,0
21.44,126,1,33.2749353,-81.5759916,46.73783412,-32768,22,0,0
21.64,126,1,33.2749248,-81.5759642,46.7114565,-32768,22,0,0
21.80,126,1,33.2749217,-81.5759563,46.72417176,-32768,22,0,0
21.94,126,1,33.2749159,-81.5759415,46.463118,-32768,19,0,0
22.02,126,1,33.2749089,-81.5759236,46.58605463,-32768,19,0,0
22.19,126,1,33.2749027,-81.5759076,46.74326171,-32768,19,0,0
22.47,126,1,33.2748959,-81.5758895,46.76964371,-32768,19,0,0
22.59,126,1,33.2748899,-81.5758733,46.43882885,-32768,19,0,0
22.79,126,1,33.2748838,-81.5758557,46.73427795,-32768,17,0,0
22.99,126,1,33.2748788,-81.5758409,46.69202518,-32768,17,0,0
23.19,126,1,33.2748736,-81.5758259,46.68167126,-32768,17,0,0
23.43,126,1,33.2748683,-81.5758111,46.74905939,-32768,17,0,0
23.59,126,1,33.274863,-81.5757969,46.9452279,-32768,17,0,0
23.96,126,1,33.2748576,-81.5757827,46.76361609,-32768,19,0,0
24.20,126,1,33.2748517,-81.5757674,46.79055354,-32768,19,0,0
24.44,126,1,33.2748472,-81.5757554,47.13009818,-32768,19,0,0
24.54,126,1,33.2748423,-81.5757421,47.16146729,-32768,19,0,0
24.70,126,1,33.2748376,-81.5757287,46.700204,-32768,19,0,0
24.81,126,1,33.2748327,-81.5757145,46.91250391,-32768,22,0,0
25.00,126,1,33.2748291,-81.5757038,46.81526267,-32768,22,0,0
25.19,126,1,33.2748251,-81.5756917,46.42312158,-32768,22,0,0
25.39,126,1,33.2748215,-81.5756807,46.55838676,-32768,22,0,0
25.60,126,1,33.2748185,-81.5756704,45.93322506,-32768,22,0,0
25.79,126,1,33.2748169,-81.5756645,46.89813514,-32768,23,0,0
25.99,126,1,33.2748126,-81.5756505,46.65898982,-32768,23,0,0
26.19,126,1,33.2748098,-81.5756419,46.55330212,-32768,23,0,0
26.72,126,1,33.2748061,-81.5756318,46.50688778,-32768,23,0,0
26.81,126,1,33.2748038,-81.5756254,46.63109328,-32768,23,0,0
26.96,126,1,33.2747998,-81.5756151,46.1494372,-32768,21,0,0
27.06,126,1,33.2747957,-81.5756041,46.47302287,-32768,21,0,0
27.75,126,1,33.2747925,-81.5755956,46.36371151,-32768,20,0,0
28.04,126,1,33.2747851,-81.5755729,46.83980989,-32768,20,0,0
28.41,126,1,33.2747837,-81.5755674,46.32310478,-32768,20,0,0
28.52,126,1,33.2747819,-81.5755626,46.312058,-32768,20,0,0
28.68,126,1,33.2747803,-81.5755595,46.52394811,-32768,20,0,0
28.79,126,1,33.2747795,-81.5755581,45.94580671,-32768,20,0,0
28.95,126,1,33.2747778,-81.5755556,46.52951212,-32768,18,0,0
29.06,126,1,33.2747772,-81.5755548,46.67886598,-32768,18,0,0
29.49,126,1,33.2747764,-81.5755532,46.59362407,-32768,18,0,0
29.59,126,1,33.2747763,-81.5755516,46.92543824,-32768,18,0,0
29.75,126,1,33.2747765,-81.5755502,47.09444413,-32768,18,0,0
29.85,126,1,33.2747768,-81.5755486,46.88629123,-32768,19,0,0
30.01,126,1,33.2747768,-81.5755473,47.32061874,-32768,19,0,0
30.12,126,1,33.2747767,-81.5755463,47.05455008,-32768,19,0,0
30.66,126,1,33.2747762,-81.5755456,47.14464641,-32768,19,0,0
30.94,126,1,33.2747755,-81.5755458,47.21486088,-32768,19,0,0
31.22,126,1,33.2747747,-81.5755464,47.41173022,-32768,19,0,0
31.49,126,1,33.2747739,-81.5755474,47.71343043,-32768,18,0,0
31.76,126,1,33.2747728,-81.5755486,47.74453911,-32768,18,0,0
32.05,126,1,33.2747717,-81.575549,48.11870256,-32768,18,0,0
32.34,126,1,33.2747706,-81.5755491,48.04355028,-32768,18,0,0
32.51,126,1,33.2747706,-81.5755491,48.2595378,-32768,18,0,0
32.79,126,1,33.2747695,-81.5755489,48.50004897,-32768,18,0,0
33.08,126,1,33.2747685,-81.5755489,48.02019095,-32768,18,0,0
33.38,126,1,33.2747667,-81.5755491,48.10409288,-32768,18,0,0
33.67,126,1,33.2747661,-81.575549,48.34232139,-32768,18,0,0
33.96,126,1,33.274765,-81.5755493,48.30084719,-32768,18,0,0
34.13,126,1,33.2747639,-81.5755499,48.69138969,-32768,22,0,0
34.30,126,1,33.274763,-81.5755507,48.69138969,-32768,22,0,0
34.43,126,1,33.2747626,-81.5755513,49.0035426,-32768,22,0,0
34.61,126,1,33.274762,-81.5755518,48.69712024,-32768,22,0,0
34.74,126,1,33.2747617,-81.5755522,48.57534047,-32768,22,0,0
34.93,126,1,33.2747616,-81.5755523,48.6735448,-32768,22,0,0
35.43,126,1,33.2747616,-81.5755525,48.80745967,-32768,18,0,0
35.56,126,1,33.2747617,-81.5755524,49.25613693,-32768,18,0,0
35.75,126,1,33.2747619,-81.5755522,49.24915435,-32768,18,0,0
35.87,126,1,33.2747621,-81.5755522,49.09955182,-32768,18,0,0
36.05,126,1,33.2747624,-81.5755523,49.3577647,-32768,18,0,0
36.19,126,1,33.2747627,-81.5755525,49.26096238,-32768,20,0,0
36.70,126,1,33.2747632,-81.5755527,49.21196829,-32768,20,0,0
36.88,126,1,33.2747636,-81.5755528,49.3707867,-32768,20,0,0
37.01,126,1,33.2747641,-81.5755528,49.57477086,-32768,20,0,0
38.05,126,1,33.2747645,-81.5755526,49.93616091,-32768,18,0,0
38.24,126,1,33.2747668,-81.5755512,49.93616091,-32768,18,0,0
38.37,126,1,33.274767,-81.5755511,49.82592848,-32768,18,0,0
38.56,126,1,33.2747674,-81.575551,50.07607471,-32768,21,0,0
38.75,126,1,33.2747676,-81.5755509,50.14272273,-32768,21,0,0
38.89,126,1,33.2747676,-81.5755506,50.18675937,-32768,21,0,0
39.10,126,1,33.2747676,-81.5755504,50.24652154,-32768,21,0,0
39.75,126,1,33.2747671,-81.5755493,50.10754034,-32768,21,0,0
40.13,126,1,33.2747654,-81.575546,50.2564926,-32768,21,0,0
41.21,126,1,33.2747653,-81.5755455,50.25301509,-32768,24,20506750444,0
41.55,126,1,33.2747654,-81.5755451,50.33265537,-32768,24,20506849972,0
41.74,126,1,33.2747655,-81.5755452,50.21975444,-32768,24,20506708877,0
42.09,126,1,33.2747656,-81.5755454,50.31937908,-32768,22,0,0
42.88,126,1,33.2747669,-81.5755474,50.0347967,-32768,25,41012955467,0
43.02,126,1,33.2747686,-81.5755512,50.0347967,-32768,25,41012955467,0
43.23,126,1,33.2747688,-81.5755517,50.04476379,-32768,25,41012980379,0
43.44,126,1,33.2747691,-81.5755525,50.09873972,-32768,25,41013115288,0
43.60,126,1,33.2747695,-81.5755535,50.22564605,-32768,25,41013432481,0
44.25,126,1,33.2747699,-81.5755544,50.59658161,-32768,24,20507179807,0
44.41,126,1,33.2747702,-81.5755552,50.42370284,-32768,24,20506963756,0
44.64,126,1,33.2747704,-81.5755558,50.30146833,-32768,24,20506810997,0
44.86,126,1,33.2747704,-81.5755564,50.30854227,-32768,24,20506819837,0
45.01,126,1,33.2747703,-81.5755567,50.29518971,-32768,24,20506803150,0
45.59,126,1,33.2747701,-81.5755568,50.28997371,-32768,23,0,0
46.01,126,1,33.2747699,-81.5755568,50.14467493,-32768,23,0,0
46.23,126,1,33.2747695,-81.5755564,50.17679265,-32768,23,0,0
46.38,126,1,33.2747691,-81.5755558,50.20407591,-32768,23,0,0
46.59,126,1,33.2747688,-81.5755553,50.05267869,-32768,23,0,0
46.81,126,1,33.2747687,-81.575555,49.83652794,-32768,21,0,0
47.02,126,1,33.274769,-81.575555,49.84708912,-32768,21,0,0
47.79,126,1,33.2747697,-81.5755556,50.00313834,-32768,21,0,0
48.22,126,1,33.2747778,-81.5755604,49.83454387,-32768,21,0,0
48.45,126,1,33.2747802,-81.5755612,49.87061837,-32768,21,0,0
48.61,126,1,33.2747817,-81.5755617,49.50702583,-32768,21,0,0
48.85,126,1,33.2747858,-81.5755639,49.45110544,-32768,23,0,0
49.07,126,1,33.2747877,-81.5755648,49.65106512,-32768,23,0,0
49.31,126,1,33.2747922,-81.5755675,49.43753176,-32768,23,0,0
49.47,126,1,33.2747939,-81.5755685,49.75635437,-32768,23,0,0
50.56,126,1,33.2747974,-81.5755709,49.31401138,-32768,24,20505576973,0
50.80,126,1,33.2748217,-81.5755885,49.31401138,-32768,24,20505576973,0
51.03,126,1,33.2748217,-81.5755885,49.42679104,-32768,22,0,0
51.26,126,1,33.274827,-81.5755923,49.46041608,-32768,22,0,0
51.42,126,1,33.274836,-81.5755986,49.67941281,-32768,22,0,0
52.11,126,1,33.2748387,-81.5756005,48.86134362,-32768,20,0,0
52.34,126,1,33.2748689,-81.5756218,48.86134362,-32768,20,0,0
52.51,126,1,33.2748722,-81.5756241,48.94558837,-32768,20,0,0
52.75,126,1,33.274879,-81.5756289,48.99824174,-32768,20,0,0
52.98,126,1,33.2748863,-81.5756343,49.01678605,-32768,21,0,0
53.46,126,1,33.2748924,-81.5756388,48.25419822,-32768,20,0,0
53.64,126,1,33.2749271,-81.5756648,48.25419822,-32768,20,0,0
53.89,126,1,33.2749315,-81.575668,48.18324124,-32768,20,0,0
54.12,126,1,33.2749389,-81.5756739,47.96413418,-32768,20,0,0
54.36,126,1,33.2749457,-81.5756794,47.8403292,-32768,20,0,0
56.02,126,1,33.2749533,-81.5756857,47.08243202,-32768,21,0,0
56.19,126,1,33.2749929,-81.5757225,47.08243202,-32768,21,0,0
56.44,126,1,33.2749975,-81.5757268,46.51236782,-32768,22,0,0
56.70,126,1,33.2750445,-81.5757706,46.51236782,-32768,22,0,0
57.21,126,1,33.2750488,-81.5757745,46.37432934,-32768,22,0,0
57.47,126,1,33.2750584,-81.5757834,46.20406224,-32768,22,0,0
57.66,126,1,33.275069,-81.5757933,46.11077191,-32768,22,0,0
57.91,126,1,33.2750798,-81.5758034,45.93624964,-32768,22,0,0
58.16,126,1,33.2750887,-81.5758118,46.02756658,-32768,22,0,0
59.16,126,1,33.2750986,-81.5758215,45.55780729,-32768,24,20500883187,0
59.34,126,1,33.2751484,-81.575873,45.71306287,-32768,24,20501077185,0
59.84,126,1,33.2751532,-81.5758785,45.99440619,-32768,24,20501428737,0
60.10,126,1,33.2752043,-81.5759323,45.99440619,-32768,24,20501428737,0
60.85,126,1,33.2752212,-81.5759481,45.99440619,-32768,24,20501428737,0
61.11,126,1,33.2752389,-81.5759641,46.97077429,-32768,25,41005297559,0
61.30,126,1,33.2752989,-81.5760158,46.97077429,-32768,25,41005297559,0
61.56,126,1,33.2753075,-81.5760232,46.61178145,-32768,25,41004400376,0
61.81,126,1,33.2753188,-81.5760328,47.47170952,-32768,25,41006549497,0
62.07,126,1,33.2753381,-81.5760487,47.69773088,-32768,25,41007114376,0
62.85,126,1,33.2753447,-81.5760538,47.59203827,-32768,25,41006850226,0
63.37,126,1,33.2753576,-81.5760641,47.24538666,-32768,25,41005983868,0
64.33,126,1,33.275372,-81.5760758,47.84098789,-32768,27,82014944821,0
64.59,126,1,33.2754359,-81.5761294,47.88880535,-32768,27,82015183837,0
64.86,126,1,33.2754438,-81.576136,48.48368283,-32768,26,61513618021,0
65.13,126,1,33.2755088,-81.576192,48.48368283,-32768,26,61513618021,0
65.38,126,1,33.2755231,-81.5762055,48.64024119,-32768,26,61514204951,0
65.64,126,1,33.2755342,-81.5762161,48.51825303,-32768,26,61513747623,0
65.90,126,1,33.2755471,-81.5762283,48.9377036,-32768,26,61515320132,0
66.16,126,1,33.2755612,-81.5762417,48.78157994,-32768,26,61514734826,0
66.43,126,1,33.2755728,-81.5762526,48.82254585,-32768,26,61514888407,0
66.90,126,1,33.2755856,-81.5762644,49.0432716,-32768,26,61515715907,0
67.16,126,1,33.2756,-81.5762776,49.32932666,-32768,26,61516788335,0
68.22,126,1,33.2756117,-81.5762883,49.3711568,-32768,27,82022593544,0
69.05,126,1,33.2756789,-81.5763497,49.88756816,-32768,28,1.02531E+11,0
69.31,126,1,33.2757475,-81.5764112,49.88756816,-32768,28,1.02531E+11,0
69.57,126,1,33.2757544,-81.5764174,50.30692821,-32768,29,1.23041E+11,0
72.32,126,1,33.2757685,-81.5764302,50.8292358,-32768,30,1.43552E+11,0
73.19,126,1,33.2759834,-81.5766234,50.79251626,-32768,31,1.64059E+11,0
73.49,126,1,33.2760477,-81.576687,50.72412857,-32768,31,1.64059E+11,0
74.26,126,1,33.2760477,-81.576687,50.939662,-32768,30,1.43553E+11,0
75.08,126,1,33.2761154,-81.5767508,50.99444172,-32768,30,1.43554E+11,0
75.70,126,1,33.2761352,-81.5767686,51.26273138,-32768,29,1.23048E+11,0
76.28,126,1,33.2762045,-81.5768302,51.26273138,-32768,29,1.23048E+11,0
77.14,126,1,33.2762111,-81.576836,51.19967483,-32768,28,1.0254E+11,0
77.41,126,1,33.27628,-81.5768949,51.19967483,-32768,28,1.0254E+11,0
78.56,126,1,33.2763015,-81.5769126,51.47796164,-32768,25,41016562616,0
78.85,126,1,33.2763667,-81.5769672,51.17757723,-32768,25,41015811801,0
79.74,126,1,33.2763808,-81.5769793,51.47643161,-32768,23,0,0
81.20,126,1,33.2764457,-81.577038,52.14536875,-32768,19,0,0
81.50,126,1,33.2766484,-81.5772162,52.00765225,-32768,19,0,0
81.79,126,1,33.2766562,-81.577223,52.10818123,-32768,19,0,0
82.37,126,1,33.2766626,-81.5772286,52.09833649,-32768,19,0,0
83.00,126,1,33.2766738,-81.5772383,52.04841797,-32768,19,0,0
83.62,126,1,33.2766874,-81.57725,51.81198752,-32768,19,0,0
84.24,126,1,33.2766985,-81.5772595,51.7766399,-32768,19,0,0
84.55,126,1,33.2767583,-81.5773129,51.67695442,-32768,19,0,0
85.43,126,1,33.2767675,-81.5773213,52.00072438,-32768,18,0,0
85.74,126,1,33.2768123,-81.577362,52.00149479,-32768,18,0,0
86.34,126,1,33.276825,-81.5773734,51.92722678,-32768,18,0,0
86.70,126,1,33.2768361,-81.5773827,51.35398891,-32768,18,0,0
87.03,126,1,33.2768158,-81.5773653,52.10563998,-32768,18,0,0
87.67,126,1,33.2768397,-81.5773857,52.21707442,-32768,18,0,0
87.98,126,1,33.2768688,-81.5774072,52.21707442,-32768,18,0,0
89.89,126,1,33.2768711,-81.5774085,53.2516173,-32768,19,0,0
90.23,126,1,33.2768957,-81.5774223,53.2516173,-32768,19,0,0
90.86,126,1,33.2768959,-81.5774226,53.68580637,-32768,19,0,0
91.16,126,1,33.2768989,-81.5774267,53.68580637,-32768,19,0,0
91.49,126,1,33.2768996,-81.5774274,54.08499675,-32768,19,0,0
91.80,126,1,33.2768999,-81.5774277,54.16568822,-32768,19,0,0
92.18,126,1,33.2769015,-81.577428,54.32529716,-32768,19,0,0
92.51,126,1,33.2769017,-81.577428,53.66717131,-32768,19,0,0
92.84,126,1,33.276902,-81.5774278,54.02054066,-32768,19,0,0
93.15,126,1,33.2769022,-81.5774275,54.08843458,-32768,19,0,0
93.47,126,1,33.2769022,-81.5774271,54.04463612,-32768,19,0,0
93.79,126,1,33.2769023,-81.5774267,54.37974146,-32768,19,0,0
94.11,126,1,33.2769025,-81.5774231,54.37974146,-32768,19,0,0
94.49,126,1,33.2769021,-81.5774221,54.54718321,-32768,19,0,0
94.84,126,1,33.2769014,-81.577421,54.51032799,-32768,19,0,0
95.16,126,1,33.2769011,-81.5774207,54.55675737,-32768,19,0,0
95.47,126,1,33.2769009,-81.5774206,55.08446342,-32768,19,0,0
95.79,126,1,33.2769011,-81.5774211,54.58929254,-32768,18,0,0
96.11,126,1,33.2769047,-81.5774252,54.58929254,-32768,18,0,0
96.49,126,1,33.276905,-81.5774255,54.63598263,-32768,18,0,0
96.82,126,1,33.2769059,-81.5774265,54.65672722,-32768,18,0,0
97.15,126,1,33.2769063,-81.5774271,54.27820847,-32768,18,0,0
97.46,126,1,33.2769065,-81.5774274,54.12333994,-32768,19,0,0
97.79,126,1,33.2769066,-81.5774277,54.56176119,-32768,19,0,0
98.13,126,1,33.2769053,-81.5774278,54.56176119,-32768,19,0,0
98.53,126,1,33.2769052,-81.5774277,54.6415882,-32768,19,0,0
98.86,126,1,33.2769049,-81.5774277,54.64532002,-32768,19,0,0
99.17,126,1,33.2769046,-81.5774277,54.36300157,-32768,19,0,0
99.51,126,1,33.2769042,-81.5774276,54.36300157,-32768,19,0,0
99.84,126,1,33.276904,-81.5774274,54.3176128,-32768,19,0,0
100.24,126,1,33.2769041,-81.5774273,54.0910368,-32768,19,0,0
100.57,126,1,33.2769038,-81.577427,54.18426975,-32768,19,0,0
100.90,126,1,33.2769034,-81.5774267,54.28722723,-32768,19,0,0
101.22,126,1,33.276903,-81.5774264,54.56300198,-32768,19,0,0
101.56,126,1,33.2769015,-81.5774253,54.56300198,-32768,19,0,0
101.94,126,1,33.2769014,-81.5774253,54.44545643,-32768,19,0,0
102.29,126,1,33.2769014,-81.5774251,54.44545643,-32768,19,0,0
102.61,126,1,33.276902,-81.577425,54.21385418,-32768,19,0,0
102.94,126,1,33.2769023,-81.5774249,54.00309198,-32768,18,0,0
103.27,126,1,33.2769045,-81.5774236,54.00309198,-32768,18,0,0
103.67,126,1,33.2769044,-81.5774235,54.44399302,-32768,18,0,0
104.00,126,1,33.2769043,-81.5774234,54.03740161,-32768,18,0,0
104.68,126,1,33.2769045,-81.5774236,53.8686411,-32768,17,0,0
105.09,126,1,33.2769027,-81.5774248,53.8686411,-32768,17,0,0
105.44,126,1,33.2769025,-81.577425,53.85584933,-32768,17,0,0
105.79,126,1,33.2769022,-81.5774252,53.92480036,-32768,17,0,0
106.12,126,1,33.2769019,-81.5774254,53.84168818,-32768,17,0,0
106.53,126,1,33.2769016,-81.5774254,53.72200523,-32768,17,0,0
106.88,126,1,33.2769012,-81.5774254,53.84348312,-32768,17,0,0
107.22,126,1,33.2769009,-81.5774251,53.72845155,-32768,17,0,0
107.55,126,1,33.2769005,-81.577425,53.88809703,-32768,17,0,0
107.94,126,1,33.2769001,-81.5774247,53.69079828,-32768,18,0,0
108.28,126,1,33.2768991,-81.5774245,53.79061385,-32768,18,0,0
108.63,126,1,33.2768991,-81.5774244,53.75362349,-32768,18,0,0
108.97,126,1,33.2768992,-81.5774245,53.97419227,-32768,18,0,0
110.08,126,1,33.276898,-81.5774238,53.85679838,-32768,19,0,0
110.40,126,1,33.276898,-81.5774241,53.85679838,-32768,19,0,0
112.94,126,1,33.2768979,-81.5774239,53.06862228,-32768,19,0,0
113.35,126,1,33.2768943,-81.5774228,53.15996399,-32768,19,0,0
113.70,126,1,33.2768936,-81.5774225,53.23896821,-32768,19,0,0
114.38,126,1,33.2768926,-81.5774221,53.10628679,-32768,19,0,0
115.15,126,1,33.2768895,-81.5774211,53.20295219,-32768,19,0,0
116.27,126,1,33.2768881,-81.5774204,53.25125928,-32768,19,0,0
116.61,126,1,33.2768713,-81.5774133,53.38907859,-32768,19,0,0
116.97,126,1,33.2768448,-81.577401,53.38907859,-32768,19,0,0
118.49,126,1,33.2768418,-81.5773995,52.8592023,-32768,17,0,0
118.86,126,1,33.2768113,-81.5773839,53.02164181,-32768,19,0,0
119.21,126,1,33.2767692,-81.5773579,53.02164181,-32768,19,0,0
120.78,126,1,33.2767651,-81.5773551,52.92254559,-32768,18,0,0
121.14,126,1,33.2767258,-81.5773289,52.73268258,-32768,18,0,0
121.48,126,1,33.2766756,-81.5772949,52.73268258,-32768,18,0,0
123.09,126,1,33.2766708,-81.5772919,52.57137357,-32768,19,0,0
123.47,126,1,33.2766197,-81.5772616,52.68658982,-32768,18,0,0
124.27,126,1,33.2765603,-81.5772255,52.40758136,-32768,18,0,0
124.64,126,1,33.2765548,-81.577222,52.26316986,-32768,18,0,0
126.27,126,1,33.2762088,-81.5770079,49.74454866,-32768,17,0,1
126.66,126,1,33.2762027,-81.5770041,49.74454866,-32768,17,0,1
127.48,126,1,33.2761779,-81.5769882,49.74454866,-32768,18,0,1
128.23,126,1,33.2761589,-81.5769758,49.74454866,-32768,18,0,1
129.52,126,1,33.2761362,-81.5769604,49.74454866,-32768,18,0,1
131.56,126,1,33.2761168,-81.5769471,49.74454866,-32768,18,0,1
131.96,126,1,33.276045,-81.5768967,49.74454866,-32768,18,0,1
132.33,126,1,33.2760287,-81.5768855,49.74454866,-32768,18,0,1
132.78,126,1,33.2760123,-81.5768744,49.74454866,-32768,19,0,1
133.17,126,1,33.2759361,-81.576824,49.74454866,-32768,19,0,1
133.62,126,1,33.2759252,-81.576817,49.74454866,-32768,19,0,1
134.05,126,1,33.2759114,-81.576808,49.74454866,-32768,19,0,1
134.87,126,1,33.2758821,-81.5767886,49.74454866,-32768,23,0,1
135.74,126,1,33.2758044,-81.5767334,49.74454866,-32768,23,0,1
136.51,126,1,33.2758105,-81.5767379,49.74454866,-32768,23,0,1
136.96,126,1,33.2757808,-81.576716,49.74454866,-32768,25,41019117111,1
137.37,126,1,33.2757103,-81.5766627,49.74454866,-32768,27,82038234223,1
137.83,126,1,33.2756312,-81.5766041,49.74454866,-32768,27,82038234223,1
138.22,126,1,33.2756231,-81.576598,49.74454866,-32768,28,1.02548E+11,1
138.68,126,1,33.275599,-81.5765798,49.74454866,-32768,38,3.07643E+11,1
139.09,126,1,33.275522,-81.5765221,49.74454866,-32768,38,3.07643E+11,1
139.96,126,1,33.2755069,-81.576511,49.74454866,-32768,45,4.5121E+11,1
140.80,126,1,33.2754387,-81.5764636,49.74454866,-32768,45,4.5121E+11,1
141.17,126,1,33.2754318,-81.5764589,49.74454866,-32768,47,4.92229E+11,1
142.04,126,1,33.2753578,-81.5764061,49.74454866,-32768,48,5.12739E+11,1
142.51,126,1,33.2752911,-81.5763617,49.74454866,-32768,48,5.12739E+11,1
142.90,126,1,33.2752838,-81.5763568,49.74454866,-32768,48,5.12739E+11,1
143.37,126,1,33.2752608,-81.5763412,49.74454866,-32768,46,4.7172E+11,1
144.25,126,1,33.2752387,-81.5763258,49.74454866,-32768,36,2.66624E+11,1
144.66,126,1,33.2750192,-81.5761815,49.74454866,-32768,36,2.66624E+11,1
145.05,126,1,33.2750118,-81.5761769,49.74454866,-32768,36,2.66624E+11,1
146.37,126,1,33.274982,-81.5761588,49.74454866,-32768,36,2.66624E+11,1
146.76,126,1,33.2749657,-81.5761487,49.74454866,-32768,32,1.84586E+11,1
147.26,126,1,33.2749434,-81.5761344,49.74454866,-32768,32,1.84586E+11,1
147.67,126,1,33.2749215,-81.5761202,49.74454866,-32768,32,1.84586E+11,1
149.44,126,1,33.2748988,-81.5761054,49.74454866,-32768,21,0,1
150.80,126,1,33.2746954,-81.5759733,49.74454866,-32768,21,0,1
151.20,126,1,33.274689,-81.5759693,49.74454866,-32768,19,0,1
151.70,126,1,33.2746742,-81.5759606,49.74454866,-32768,19,0,1
152.11,126,1,33.2746593,-81.5759521,49.74454866,-32768,19,0,1
153.00,126,1,33.2746481,-81.5759457,49.74454866,-32768,18,0,1
153.48,126,1,33.274612,-81.5759246,49.74454866,-32768,18,0,1
153.88,126,1,33.2746091,-81.5759228,49.74454866,-32768,20,0,1
154.36,126,1,33.2745878,-81.575908,49.74454866,-32768,20,0,1
154.77,126,1,33.2745846,-81.5759053,49.74454866,-32768,20,0,1
156.17,126,1,33.2745797,-81.5759024,49.74454866,-32768,21,0,1
156.66,126,1,33.2745672,-81.5758968,49.74454866,-32768,20,0,1
157.11,126,1,33.2745617,-81.5758897,49.74454866,-32768,20,0,1
158.01,126,1,33.2745613,-81.5758892,49.74454866,-32768,21,0,1
158.48,126,1,33.2745612,-81.5758886,49.74454866,-32768,24,20509558556,1
158.89,126,1,33.2745614,-81.5758893,49.74454866,-32768,24,20509558556,1
159.37,126,1,33.2745616,-81.5758897,49.74454866,-32768,22,0,1
159.77,126,1,33.2745589,-81.5758901,49.74454866,-32768,22,0,1
160.27,126,1,33.2745571,-81.5758886,49.74454866,-32768,22,0,1
161.19,126,1,33.2745555,-81.5758875,49.74454866,-32768,23,0,1
161.69,126,1,33.274551,-81.5758816,49.74454866,-32768,26,61528675667,1
162.14,126,1,33.2745505,-81.5758768,49.74454866,-32768,26,61528675667,1
162.63,126,1,33.274551,-81.5758766,49.74454866,-32768,22,0,1
163.05,126,1,33.2745524,-81.5758768,49.74454866,-32768,22,0,1
163.56,126,1,33.2745579,-81.5758824,49.74454866,-32768,22,0,1
163.98,126,1,33.2745594,-81.5758841,49.74454866,-32768,22,0,1
165.42,126,1,33.2745602,-81.5758849,49.74454866,-32768,22,0,1
166.38,126,1,33.2745655,-81.5758919,49.74454866,-32768,16,0,1
166.89,126,1,33.2745669,-81.5758965,49.74454866,-32768,18,0,1
167.31,126,1,33.2745673,-81.5758967,49.74454866,-32768,18,0,1
169.65,126,1,33.2745674,-81.5758962,49.74454866,-32768,18,0,1
170.16,126,1,33.2745712,-81.5758883,49.74454866,-32768,18,0,1
170.67,126,1,33.2745712,-81.5758888,49.74454866,-32768,18,0,1
171.13,126,1,33.2745716,-81.5758901,49.74454866,-32768,18,0,1
171.68,126,1,33.274572,-81.5758909,49.74454866,-32768,17,0,1
172.11,126,1,33.2745732,-81.5758921,49.74454866,-32768,17,0,1
172.62,126,1,33.2745733,-81.575892,49.74454866,-32768,17,0,1
173.62,126,1,33.2745734,-81.5758918,49.74454866,-32768,17,0,1
174.14,126,1,33.2745724,-81.5758953,49.74454866,-32768,17,0,1
175.12,126,1,33.2745723,-81.5758954,49.74454866,-32768,18,0,1
175.62,126,1,33.2745688,-81.575899,49.74454866,-32768,18,0,1
176.07,126,1,33.2745671,-81.5758995,49.74454866,-32768,18,0,1
176.59,126,1,33.2745673,-81.5758991,49.74454866,-32768,18,0,1
179.63,126,1,33.2745677,-81.5758983,49.74454866,-32768,22,0,1
181.17,126,1,33.274571,-81.575892,49.74454866,-32768,24,20509558556,1
182.21,126,1,33.2745969,-81.5759149,49.74454866,-32768,24,20509558556,1
183.27,126,1,33.2745969,-81.5759149,49.74454866,-32768,22,0,1
189.83,126,1,33.2746032,-81.5759194,49.74454866,-32768,22,0,1
