2019-04-25 09:54:42.778164,118,PRDER,33.2750062,-81.5752452,0.0,-32768.0,0.0,0.0
2019-04-25 09:54:43.167977,118,PRDER,33.2755152,-81.5772631,0.0,-32768.0,60.0,756427871314.1132
2019-04-25 09:54:43.540546,118,PRDER,33.2755145,-81.5772641,0.0,-32768.0,60.0,756427871314.1132
2019-04-25 09:54:43.563981,118,PRDER,33.2755119,-81.5772671,0.0,-32768.0,60.0,756427871314.1132
2019-04-25 09:54:43.920990,118,PRDER,33.2755107,-81.5772685,0.0,-32768.0,60.0,756427871314.1132
2019-04-25 09:54:43.944653,118,PRDER,33.2755075,-81.5772726,0.0,-32768.0,60.0,756427871314.1132
2019-04-25 09:54:43.963858,118,PRDER,33.2755075,-81.5772726,0.0,-32768.0,60.0,756427871314.1132
2019-04-25 09:54:44.316593,118,PRDER,33.2755075,-81.5772726,0.0,-32768.0,61.0,776871867836.1161
2019-04-25 09:54:44.351887,118,PRDER,33.2755056,-81.5772767,0.0,-32768.0,61.0,776871867836.1161
2019-04-25 09:54:45.087462,118,PRDER,33.2755051,-81.5772784,0.0,-32768.0,61.0,776871867836.1161
2019-04-25 09:54:45.134355,118,PRDER,33.2755041,-81.5772901,0.0,-32768.0,60.0,756427871314.1132
2019-04-25 09:54:45.515841,118,PRDER,33.2755042,-81.5772915,0.0,-32768.0,60.0,756427871314.1132
2019-04-25 09:54:45.550967,118,PRDER,33.275505,-81.5772961,0.0,-32768.0,60.0,756427871314.1132
2019-04-25 09:54:45.914808,118,PRDER,33.2755055,-81.5772981,0.0,-32768.0,60.0,756427871314.1132
2019-04-25 09:54:45.944339,118,PRDER,33.2755066,-81.5773026,0.0,-32768.0,60.0,756427871314.1132
2019-04-25 09:54:46.316276,118,PRDER,33.275507,-81.5773044,0.0,-32768.0,57.0,695095881748.104
2019-04-25 09:54:46.367519,118,PRDER,33.275508,-81.5773102,0.0,-32768.0,57.0,695095881748.104
2019-04-25 09:54:46.709770,118,PRDER,33.2755084,-81.5773123,0.0,-32768.0,57.0,695095881748.104
2019-04-25 09:54:46.729917,118,PRDER,33.27551,-81.5773197,0.0,-32768.0,57.0,695095881748.104
2019-04-25 09:54:47.118879,118,PRDER,33.2755105,-81.5773217,0.0,-32768.0,59.0,735983874792.1101
2019-04-25 09:54:47.139564,118,PRDER,33.2755132,-81.577331,0.0,-32768.0,59.0,735983874792.1101
2019-04-25 09:54:47.860407,118,PRDER,33.2755141,-81.5773339,0.0,-32768.0,59.0,735983874792.1101
2019-04-25 09:54:47.904953,118,PRDER,33.2755202,-81.5773504,0.0,-32768.0,59.0,735983874792.1101
2019-04-25 09:54:48.285156,118,PRDER,33.2755212,-81.5773528,0.0,-32768.0,59.0,735983874792.1101
2019-04-25 09:54:48.318378,118,PRDER,33.2755266,-81.5773649,0.0,-32768.0,59.0,735983874792.1101
2019-04-25 09:54:48.675381,118,PRDER,33.2755281,-81.577368,0.0,-32768.0,59.0,735983874792.1101
2019-04-25 09:54:49.043438,118,PRDER,33.2755314,-81.5773745,0.0,-32768.0,58.0,715539878270.1069
2019-04-25 09:54:49.073643,118,PRDER,33.2755377,-81.5773865,0.0,-32768.0,58.0,715539878270.1069
2019-04-25 09:54:49.451631,118,PRDER,33.275539,-81.5773889,0.0,-32768.0,58.0,715539878270.1069
2019-04-25 09:54:49.497098,118,PRDER,33.2755442,-81.5773981,0.0,-32768.0,58.0,715539878270.1069
2019-04-25 09:54:49.850862,118,PRDER,33.2755464,-81.577402,0.0,-32768.0,58.0,715539878270.1069
2019-04-25 09:54:50.214194,118,PRDER,33.2755527,-81.5774126,0.0,-32768.0,59.0,735983874792.1101
2019-04-25 09:54:50.247049,118,PRDER,33.2755612,-81.577427,0.0,-32768.0,59.0,735983874792.1101
2019-04-25 09:54:50.616562,118,PRDER,33.2755635,-81.577431,0.0,-32768.0,59.0,735983874792.1101
2019-04-25 09:54:50.642507,118,PRDER,33.2755703,-81.5774438,0.0,-32768.0,59.0,735983874792.1101
2019-04-25 09:54:51.012098,118,PRDER,33.2755703,-81.5774438,0.0,-32768.0,55.0,654207888704.0978
2019-04-25 09:54:51.059704,118,PRDER,33.2755767,-81.5774573,0.0,-32768.0,55.0,654207888704.0978
2019-04-25 09:54:51.402548,118,PRDER,33.2755791,-81.5774629,0.0,-32768.0,55.0,654207888704.0978
2019-04-25 09:54:51.446935,118,PRDER,33.2755846,-81.5774769,0.0,-32768.0,55.0,654207888704.0978
2019-04-25 09:54:51.830326,118,PRDER,33.2755885,-81.5774873,0.0,-32768.0,55.0,654207888704.0978
2019-04-25 09:54:51.864570,118,PRDER,33.2755924,-81.577498,0.0,-32768.0,55.0,654207888704.0978
2019-04-25 09:54:52.231386,118,PRDER,33.2755964,-81.5775085,0.0,-32768.0,53.0,613319895660.0917
2019-04-25 09:54:52.273728,118,PRDER,33.2756024,-81.5775244,0.0,-32768.0,53.0,613319895660.0917
2019-04-25 09:54:52.604096,118,PRDER,33.2756024,-81.5775244,0.0,-32768.0,53.0,613319895660.0917
2019-04-25 09:54:52.648271,118,PRDER,33.2756085,-81.5775408,0.0,-32768.0,53.0,613319895660.0917
2019-04-25 09:54:52.997784,118,PRDER,33.2756106,-81.5775464,0.0,-32768.0,50.0,551987906094.0825
2019-04-25 09:54:53.390398,118,PRDER,33.2756169,-81.5775635,0.0,-32768.0,50.0,551987906094.0825
2019-04-25 09:54:53.461376,118,PRDER,33.2756262,-81.577587,0.0,-32768.0,50.0,551987906094.0825
2019-04-25 09:54:54.152018,118,PRDER,33.275628,-81.5775915,0.0,-32768.0,50.0,551987906094.0825
2019-04-25 09:54:54.203878,118,PRDER,33.2756302,-81.5775971,0.0,-32768.0,42.0,388435933918.05804
2019-04-25 09:54:54.614357,118,PRDER,33.2756302,-81.5775971,0.0,-32768.0,42.0,388435933918.05804
2019-04-25 09:54:54.645804,118,PRDER,33.2756302,-81.5775971,0.0,-32768.0,42.0,388435933918.05804
2019-04-25 09:54:54.997764,118,PRDER,33.2756302,-81.5775971,0.0,-32768.0,41.0,367991937396.05505
2019-04-25 09:54:55.036590,118,PRDER,33.2756302,-81.5775971,0.0,-32768.0,41.0,367991937396.05505
2019-04-25 09:54:55.066690,118,PRDER,33.2756302,-81.5775971,0.0,-32768.0,41.0,367991937396.05505
2019-04-25 09:54:55.750790,118,PRDER,33.2756302,-81.5775971,0.0,-32768.0,41.0,367991937396.05505
2019-04-25 09:54:55.815789,118,PRDER,33.2756302,-81.5775971,0.0,-32768.0,41.0,367991937396.05505
2019-04-25 09:54:56.158098,118,PRDER,33.2756302,-81.5775971,0.0,-32768.0,40.0,347547940874.052
2019-04-25 09:54:56.220645,118,PRDER,33.2756302,-81.5775971,0.0,-32768.0,40.0,347547940874.052
2019-04-25 09:54:56.552550,118,PRDER,33.2756302,-81.5775971,0.0,-32768.0,40.0,347547940874.052
2019-04-25 09:54:56.924371,118,PRDER,33.2756302,-81.5775971,0.0,-32768.0,40.0,347547940874.052
2019-04-25 09:54:56.962015,118,PRDER,33.2756302,-81.5775971,0.0,-32768.0,40.0,347547940874.052
2019-04-25 09:54:57.326326,118,PRDER,33.2756302,-81.5775971,0.0,-32768.0,40.0,347547940874.052
2019-04-25 09:55:00.618628,118,PRDER,33.2756302,-81.5775971,0.0,-32768.0,34.0,224883961742.0336
2019-04-25 09:55:00.658701,118,PRDER,33.2756302,-81.5775971,0.0,-32768.0,34.0,224883961742.0336
2019-04-25 09:55:00.734732,118,PRDER,33.2756302,-81.5775971,0.0,-32768.0,34.0,224883961742.0336
2019-04-25 09:55:02.179309,118,PRDER,33.2756302,-81.5775971,0.0,-32768.0,28.0,102219982610.01529
2019-04-25 09:55:02.240119,118,PRDER,33.2756302,-81.5775971,0.0,-32768.0,28.0,102219982610.01529
2019-04-25 09:55:02.623010,118,PRDER,33.2756302,-81.5775971,0.0,-32768.0,28.0,102219982610.01529
2019-04-25 09:55:02.718546,118,PRDER,33.2756302,-81.5775971,0.0,-32768.0,28.0,102219982610.01529
2019-04-25 09:55:03.011953,118,PRDER,33.2756302,-81.5775971,0.0,-32768.0,27.0,81775986088.01222
2019-04-25 09:55:03.058949,118,PRDER,33.2756302,-81.5775971,0.0,-32768.0,27.0,81775986088.01222
2019-04-25 09:55:03.098960,118,PRDER,33.2756302,-81.5775971,0.0,-32768.0,27.0,81775986088.01222
2019-04-25 09:55:04.490966,118,PRDER,33.2756302,-81.5775971,0.0,-32768.0,26.0,61331989566.00917
2019-04-25 09:55:04.540648,118,PRDER,33.2756302,-81.5775971,0.0,-32768.0,26.0,61331989566.00917
2019-04-25 09:55:04.933164,118,PRDER,33.2756302,-81.5775971,0.0,-32768.0,26.0,61331989566.00917
2019-04-25 09:55:04.989133,118,PRDER,33.2756302,-81.5775971,0.0,-32768.0,26.0,61331989566.00917
2019-04-25 09:55:05.673060,118,PRDER,33.2756302,-81.5775971,0.0,-32768.0,26.0,61331989566.00917
2019-04-25 09:55:05.736587,118,PRDER,33.2756302,-81.5775971,0.0,-32768.0,26.0,61331989566.00917
2019-04-25 09:55:06.087522,118,PRDER,33.2756302,-81.5775971,0.0,-32768.0,26.0,61331989566.00917
2019-04-25 09:55:06.195333,118,PRDER,33.2756302,-81.5775971,0.0,-32768.0,26.0,61331989566.00917
2019-04-25 09:55:06.477647,118,PRDER,33.2756302,-81.5775971,0.0,-32768.0,26.0,61331989566.00917
2019-04-25 09:55:06.545119,118,PRDER,33.2756302,-81.5775971,0.0,-32768.0,26.0,61331989566.00917
2019-04-25 09:55:06.852778,118,PRDER,33.2756302,-81.5775971,0.0,-32768.0,26.0,61331989566.00917
2019-04-25 09:55:06.928059,118,PRDER,33.2756302,-81.5775971,0.0,-32768.0,26.0,61331989566.00917
2019-04-25 09:55:07.245222,118,PRDER,33.2756302,-81.5775971,0.0,-32768.0,24.0,20443996522.003056
2019-04-25 09:55:07.324137,118,PRDER,33.2756302,-81.5775971,0.0,-32768.0,24.0,20443996522.003056
2019-04-25 09:55:07.372455,118,PRDER,33.2756302,-81.5775971,0.0,-32768.0,24.0,20443996522.003056
2019-04-25 09:55:07.633932,118,PRDER,33.2756302,-81.5775971,0.0,-32768.0,24.0,20443996522.003056
2019-04-25 09:55:07.691994,118,PRDER,33.2756302,-81.5775971,0.0,-32768.0,24.0,20443996522.003056
2019-04-25 09:55:08.381793,118,PRDER,33.2756302,-81.5775971,0.0,-32768.0,22.0,0.0
2019-04-25 09:55:08.442932,118,PRDER,33.2756302,-81.5775971,0.0,-32768.0,22.0,0.0
2019-04-25 09:55:08.807665,118,PRDER,33.2756302,-81.5775971,0.0,-32768.0,22.0,0.0
2019-04-25 09:55:08.858857,118,PRDER,33.2760858,-81.5785993,0.0,-32768.0,22.0,0.0
2019-04-25 09:55:09.199453,118,PRDER,33.276088,-81.5786044,0.0,-32768.0,22.0,0.0
2019-04-25 09:55:09.313467,118,PRDER,33.2760942,-81.5786177,0.0,-32768.0,22.0,0.0
2019-04-25 09:55:09.365407,118,PRDER,33.2760942,-81.5786177,0.0,-32768.0,22.0,0.0
2019-04-25 09:55:09.597275,118,PRDER,33.276096,-81.5786216,0.0,-32768.0,22.0,0.0
2019-04-25 09:55:09.652876,118,PRDER,33.2761003,-81.5786305,0.0,-32768.0,22.0,0.0
2019-04-25 09:55:10.744353,118,PRDER,33.2761003,-81.5786305,0.05999477497338449,-32768.0,23.0,0.0
2019-04-25 09:55:10.818734,118,PRDER,33.2761121,-81.5786583,0.05999477497338449,-32768.0,23.0,0.0
2019-04-25 09:55:11.187795,118,PRDER,33.2761121,-81.5786583,0.10999042078453825,-32768.0,23.0,0.0
2019-04-25 09:55:11.255844,118,PRDER,33.2761153,-81.5786658,0.10999042078453825,-32768.0,23.0,0.0
2019-04-25 09:55:11.589918,118,PRDER,33.2761153,-81.5786658,0.059994768865815465,-32768.0,23.0,0.0
2019-04-25 09:55:11.652974,118,PRDER,33.2761175,-81.5786703,0.059994768865815465,-32768.0,23.0,0.0
2019-04-25 09:55:11.981791,118,PRDER,33.276119,-81.5786732,0.1199894500148768,-32768.0,22.0,0.0
2019-04-25 09:55:12.060345,118,PRDER,33.2761211,-81.578677,0.1199894500148768,-32768.0,22.0,0.0
2019-04-25 09:55:12.168256,118,PRDER,33.2761211,-81.578677,0.1199894500148768,-32768.0,22.0,0.0
2019-04-25 09:55:12.392203,118,PRDER,33.2761211,-81.578677,0.1199894500148768,-32768.0,22.0,0.0
2019-04-25 09:55:12.772488,118,PRDER,33.2761233,-81.5786809,0.05999469743012286,-32768.0,22.0,0.0
2019-04-25 09:55:12.840557,118,PRDER,33.2761246,-81.5786829,0.06999381366847669,-32768.0,22.0,0.0
2019-04-25 09:55:13.193031,118,PRDER,33.2761249,-81.5786834,0.07999291393098573,-32768.0,23.0,0.0
2019-04-25 09:55:13.256983,118,PRDER,33.2761255,-81.5786847,0.07999291393098573,-32768.0,23.0,0.0
2019-04-25 09:55:13.576201,118,PRDER,33.2761258,-81.5786855,0.07999291393098573,-32768.0,23.0,0.0
2019-04-25 09:55:13.645472,118,PRDER,33.2761261,-81.5786863,0.1299885104824614,-32768.0,23.0,0.0
2019-04-25 09:55:13.969585,118,PRDER,33.2761262,-81.5786869,0.1299885104824614,-32768.0,23.0,0.0
2019-04-25 09:55:14.042040,118,PRDER,33.2761264,-81.5786884,0.1299885104824614,-32768.0,22.0,0.0
2019-04-25 09:55:14.390980,118,PRDER,33.2761263,-81.578689,0.05999470302535467,-32768.0,22.0,0.0
2019-04-25 09:55:14.528024,118,PRDER,33.2761261,-81.5786902,0.05999470302535467,-32768.0,22.0,0.0
2019-04-25 09:55:14.798583,118,PRDER,33.2761259,-81.5786904,0.059994700093632135,-32768.0,22.0,0.0
2019-04-25 09:55:14.873549,118,PRDER,33.276125,-81.5786902,0.05999472596438178,-32768.0,22.0,0.0
2019-04-25 09:55:15.190818,118,PRDER,33.2761246,-81.5786899,0.05999472596438178,-32768.0,22.0,0.0
2019-04-25 09:55:15.309596,118,PRDER,33.2761229,-81.5786885,0.059994719759251226,-32768.0,22.0,0.0
2019-04-25 09:55:15.575276,118,PRDER,33.2761229,-81.5786885,0.059994719759251226,-32768.0,22.0,0.0
2019-04-25 09:55:15.659317,118,PRDER,33.2761193,-81.5786856,0.059994719759251226,-32768.0,22.0,0.0
2019-04-25 09:55:15.994471,118,PRDER,33.2761184,-81.578685,0.05999475612084842,-32768.0,22.0,0.0
2019-04-25 09:55:16.064904,118,PRDER,33.2761152,-81.5786826,0.05999475612084842,-32768.0,22.0,0.0
2019-04-25 09:55:16.755072,118,PRDER,33.276114,-81.5786818,0.05999481315545625,-32768.0,22.0,0.0
2019-04-25 09:55:17.134633,118,PRDER,33.2761051,-81.5786752,0.05999485826975771,-32768.0,22.0,0.0
2019-04-25 09:55:17.223853,118,PRDER,33.2760978,-81.5786691,0.05999485826975771,-32768.0,22.0,0.0
2019-04-25 09:55:17.590319,118,PRDER,33.2760961,-81.5786677,0.04999573898770372,-32768.0,22.0,0.0
2019-04-25 09:55:17.665792,118,PRDER,33.276088,-81.5786609,0.04999573898770372,-32768.0,22.0,0.0
2019-04-25 09:55:18.336337,118,PRDER,33.276088,-81.5786609,0.09999148601081924,-32768.0,22.0,0.0
2019-04-25 09:55:18.431570,118,PRDER,33.2760718,-81.5786471,0.0299974411922269,-32768.0,22.0,0.0
2019-04-25 09:55:18.753189,118,PRDER,33.2760694,-81.578645,0.09999147064075634,-32768.0,22.0,0.0
2019-04-25 09:55:18.905432,118,PRDER,33.2760618,-81.5786381,0.04999573107153577,-32768.0,22.0,0.0
2019-04-25 09:55:19.147331,118,PRDER,33.2760593,-81.5786356,0.04999573107153577,-32768.0,21.0,0.0
2019-04-25 09:55:19.522372,118,PRDER,33.2760513,-81.5786275,0.049995716751078605,-32768.0,21.0,0.0
2019-04-25 09:55:19.656685,118,PRDER,33.2760416,-81.5786171,0.049995716751078605,-32768.0,21.0,0.0
2019-04-25 09:55:20.305830,118,PRDER,33.2760416,-81.5786171,0.09999136814133977,-32768.0,21.0,0.0
2019-04-25 09:55:20.398771,118,PRDER,33.2760224,-81.5785962,0.09999131727598126,-32768.0,21.0,0.0
2019-04-25 09:55:20.723355,118,PRDER,33.2760163,-81.5785898,0.0399965269103925,-32768.0,21.0,0.0
2019-04-25 09:55:20.824191,118,PRDER,33.27601,-81.5785831,0.039996505953993754,-32768.0,21.0,0.0
2019-04-25 09:55:21.113041,118,PRDER,33.2760065,-81.5785795,0.039996505953993754,-32768.0,20.0,0.0
2019-04-25 09:55:21.250639,118,PRDER,33.2759971,-81.5785699,0.13998776981199115,-32768.0,20.0,0.0
2019-04-25 09:55:21.514631,118,PRDER,33.27599,-81.5785629,0.12998864339684893,-32768.0,20.0,0.0
2019-04-25 09:55:21.597491,118,PRDER,33.2759834,-81.5785565,0.12998864339684893,-32768.0,20.0,0.0
2019-04-25 09:55:21.724561,118,PRDER,33.2759834,-81.5785565,0.1299886013529813,-32768.0,20.0,0.0
2019-04-25 09:55:21.911038,118,PRDER,33.2759801,-81.5785533,0.1299886013529813,-32768.0,20.0,0.0
2019-04-25 09:55:21.993728,118,PRDER,33.2759703,-81.5785438,0.0499956159049928,-32768.0,20.0,0.0
2019-04-25 09:55:22.340008,118,PRDER,33.275966,-81.5785395,0.08999204087330301,-32768.0,20.0,0.0
2019-04-25 09:55:22.692465,118,PRDER,33.2759562,-81.5785298,0.08999204087330301,-32768.0,20.0,0.0
2019-04-25 09:55:22.826117,118,PRDER,33.2759409,-81.5785152,0.08999204087330301,-32768.0,20.0,0.0
2019-04-25 09:55:23.103848,118,PRDER,33.2759409,-81.5785152,0.08999203542534374,-32768.0,21.0,0.0
2019-04-25 09:55:23.188303,118,PRDER,33.2759266,-81.5785013,0.07999292037808334,-32768.0,21.0,0.0
2019-04-25 09:55:23.490661,118,PRDER,33.2759266,-81.5785013,0.07999291521277255,-32768.0,21.0,0.0
2019-04-25 09:55:23.591210,118,PRDER,33.2759152,-81.5784899,0.08999207272609401,-32768.0,21.0,0.0
2019-04-25 09:55:23.867151,118,PRDER,33.27591,-81.5784845,0.08999207272609401,-32768.0,21.0,0.0
2019-04-25 09:55:24.042653,118,PRDER,33.275899,-81.5784732,0.08999207272609401,-32768.0,21.0,0.0
2019-04-25 09:55:24.269132,118,PRDER,33.275895,-81.5784691,0.0799929535343058,-32768.0,22.0,0.0
2019-04-25 09:55:24.670394,118,PRDER,33.2758819,-81.578456,0.08999207529205684,-32768.0,22.0,0.0
2019-04-25 09:55:24.756605,118,PRDER,33.2758681,-81.5784429,0.08999207529205684,-32768.0,22.0,0.0
2019-04-25 09:55:25.063272,118,PRDER,33.2758591,-81.5784346,0.07999296732279439,-32768.0,22.0,0.0
2019-04-25 09:55:26.218659,118,PRDER,33.2758457,-81.5784226,0.13998739057823426,-32768.0,22.0,0.0
2019-04-25 09:55:26.302139,118,PRDER,33.275792,-81.5783737,0.13998739057823426,-32768.0,22.0,0.0
2019-04-25 09:55:26.667376,118,PRDER,33.2757873,-81.5783693,0.1299882326837801,-32768.0,22.0,0.0
2019-04-25 09:55:27.045789,118,PRDER,33.275774,-81.5783567,0.05999457064740016,-32768.0,23.0,0.0
2019-04-25 09:55:27.167386,118,PRDER,33.2757533,-81.5783376,0.0699936657553002,-32768.0,23.0,0.0
2019-04-25 09:55:27.448574,118,PRDER,33.2757489,-81.5783336,0.0699936606176578,-32768.0,23.0,0.0
2019-04-25 09:55:27.553590,118,PRDER,33.2757342,-81.57832,0.06999368777289976,-32768.0,23.0,0.0
2019-04-25 09:55:27.698577,118,PRDER,33.2757342,-81.57832,0.06999368777289976,-32768.0,23.0,0.0
2019-04-25 09:55:28.207390,118,PRDER,33.2757287,-81.5783149,0.06999366139009426,-32768.0,23.0,0.0
2019-04-25 09:55:28.310363,118,PRDER,33.2756996,-81.5782862,0.06999366139009426,-32768.0,24.0,20444083860.363544
2019-04-25 09:55:28.645509,118,PRDER,33.2756899,-81.5782766,0.04999547254015341,-32768.0,24.0,20444058906.527378
2019-04-25 09:55:28.761649,118,PRDER,33.2756747,-81.5782618,0.049995476767584125,-32768.0,24.0,20444058906.53265
2019-04-25 09:55:30.142600,118,PRDER,33.2756697,-81.5782569,0.04999539872725636,-32768.0,27.0,81776235625.74107
2019-04-25 09:55:30.259549,118,PRDER,33.2755984,-81.5781893,0.04999539872725636,-32768.0,27.0,81776235625.74107
2019-04-25 09:55:30.354750,118,PRDER,33.2755932,-81.5781845,0.05999442970352669,-32768.0,27.0,81776285533.08916
2019-04-25 09:55:30.610306,118,PRDER,33.2755887,-81.5781803,0.11998880885485148,-32768.0,27.0,81776584978.46198
2019-04-25 09:55:30.975197,118,PRDER,33.2755746,-81.5781666,0.11998880885485148,-32768.0,27.0,81776584978.46198
2019-04-25 09:55:31.136675,118,PRDER,33.2755576,-81.5781486,0.10998974145028052,-32768.0,27.0,81776535070.84076
2019-04-25 09:55:31.409723,118,PRDER,33.2755535,-81.5781444,0.1199885693627776,-32768.0,27.0,81776584977.2666
2019-04-25 09:55:31.567719,118,PRDER,33.2755414,-81.5781322,0.0599942846813888,-32768.0,27.0,81776285532.36531
2019-04-25 09:55:31.796535,118,PRDER,33.2755287,-81.5781197,0.059994218118995656,-32768.0,27.0,81776285532.0331
2019-04-25 09:55:32.185650,118,PRDER,33.2755201,-81.5781114,0.059994218118995656,-32768.0,27.0,81776285532.0331
2019-04-25 09:55:32.354485,118,PRDER,33.2755104,-81.5781023,0.05999420005248866,-32768.0,27.0,81776285531.94292
2019-04-25 09:55:32.583651,118,PRDER,33.2754996,-81.5780921,0.05999420005248866,-32768.0,27.0,81776285531.94292
2019-04-25 09:55:32.745260,118,PRDER,33.2754837,-81.5780771,0.13998643477420572,-32768.0,27.0,81776684791.21016
2019-04-25 09:55:32.844888,118,PRDER,33.2754837,-81.5780771,0.13998643477420572,-32768.0,27.0,81776684791.21016
2019-04-25 09:55:33.003725,118,PRDER,33.2754778,-81.5780715,0.159984459983818,-32768.0,27.0,81776784606.01219
2019-04-25 09:55:33.103734,118,PRDER,33.2754586,-81.5780541,0.159984459983818,-32768.0,27.0,81776784606.01219
2019-04-25 09:55:33.750774,118,PRDER,33.2754528,-81.5780489,0.09999022753192402,-32768.0,27.0,81776485161.00607
2019-04-25 09:55:33.881121,118,PRDER,33.2754129,-81.5780148,0.09999022753192402,-32768.0,27.0,81776485161.00607
2019-04-25 09:55:34.179044,118,PRDER,33.2753996,-81.5780035,0.08999117335435351,-32768.0,29.0,122664652880.22198
2019-04-25 09:55:34.352891,118,PRDER,33.2753865,-81.5779924,0.09999014510468347,-32768.0,29.0,122664727740.89203
2019-04-25 09:55:34.581291,118,PRDER,33.2753801,-81.577987,0.08999113059421512,-32768.0,29.0,122664652879.90186
2019-04-25 09:55:34.752029,118,PRDER,33.2753577,-81.577968,0.08999106182035635,-32768.0,29.0,122664652879.3869
2019-04-25 09:55:34.982066,118,PRDER,33.2753514,-81.5779626,0.08999106182035635,-32768.0,29.0,122664652879.3869
2019-04-25 09:55:35.157372,118,PRDER,33.2753331,-81.5779467,0.09998998684984754,-32768.0,29.0,122664727739.70715
2019-04-25 09:55:35.385015,118,PRDER,33.2753277,-81.5779419,0.09998998684984754,-32768.0,29.0,122664727739.70715
2019-04-25 09:55:35.559867,118,PRDER,33.2753112,-81.5779268,0.09998989865202905,-32768.0,29.0,122664727739.04689
2019-04-25 09:55:35.781005,118,PRDER,33.2753048,-81.5779209,0.09998989865202905,-32768.0,29.0,122664727739.04689
2019-04-25 09:55:35.973544,118,PRDER,33.2752874,-81.5779047,0.09998989865202905,-32768.0,29.0,122664727739.04689
2019-04-25 09:55:36.182865,118,PRDER,33.2752874,-81.5779047,0.09998979180624554,-32768.0,30.0,143108849027.9547
2019-04-25 09:55:36.346195,118,PRDER,33.2752627,-81.5778816,0.08999078788721691,-32768.0,30.0,143108761690.22537
2019-04-25 09:55:36.603652,118,PRDER,33.2752566,-81.5778759,0.08999078788721691,-32768.0,30.0,143108761690.22537
2019-04-25 09:55:36.983661,118,PRDER,33.2752372,-81.5778575,0.08999081324578097,-32768.0,30.0,143108761690.4469
2019-04-25 09:55:37.101921,118,PRDER,33.2752142,-81.5778355,0.07999183399624975,-32768.0,31.0,163552770689.09677
2019-04-25 09:55:37.407018,118,PRDER,33.2752076,-81.5778292,0.12998676543336118,-32768.0,31.0,163553269761.10806
2019-04-25 09:55:37.519721,118,PRDER,33.2751892,-81.5778121,0.12998676543336118,-32768.0,31.0,163553269761.10806
2019-04-25 09:55:38.922546,118,PRDER,33.2751835,-81.5778068,0.06999296498991518,-32768.0,30.0,143108587016.46207
2019-04-25 09:55:39.056608,118,PRDER,33.2750963,-81.5777241,0.06999296498991518,-32768.0,30.0,143108587016.46207
2019-04-25 09:55:39.367678,118,PRDER,33.2750901,-81.577718,0.06999298689699256,-32768.0,30.0,143108587016.65344
2019-04-25 09:55:39.747858,118,PRDER,33.2750705,-81.5776983,0.07999198502513434,-32768.0,30.0,143108674354.27884
2019-04-25 09:55:39.937738,118,PRDER,33.2750444,-81.5776726,0.15998397821825172,-32768.0,30.0,143109373056.31332
2019-04-25 09:55:40.170252,118,PRDER,33.2750368,-81.5776653,0.0899909306497426,-32768.0,29.0,122664652878.40486
2019-04-25 09:55:40.359315,118,PRDER,33.2750191,-81.5776488,0.0899909306497426,-32768.0,29.0,122664652878.40486
2019-04-25 09:55:40.563434,118,PRDER,33.2750127,-81.5776429,0.0899909306497426,-32768.0,29.0,122664652878.40486
2019-04-25 09:55:41.297257,118,PRDER,33.274975,-81.5776085,0.17998159971360514,-32768.0,29.0,122665326624.68329
2019-04-25 09:55:41.410910,118,PRDER,33.274949,-81.5775847,0.07999182209493562,-32768.0,29.0,122664578016.73347
2019-04-25 09:55:42.087462,118,PRDER,33.2749419,-81.5775782,0.07999167783431044,-32768.0,29.0,122664578015.65341
2019-04-25 09:55:42.215622,118,PRDER,33.274896,-81.5775344,0.07999167783431044,-32768.0,29.0,122664578015.65341
2019-04-25 09:55:42.497266,118,PRDER,33.2748907,-81.5775294,0.07999161140453255,-32768.0,29.0,122664578015.15607
2019-04-25 09:55:42.618270,118,PRDER,33.2748713,-81.5775103,0.07999161140453255,-32768.0,29.0,122664578015.15607
2019-04-25 09:55:43.255706,118,PRDER,33.2748642,-81.5775034,0.05999366519906039,-32768.0,30.0,143108499676.22833
2019-04-25 09:55:43.669031,118,PRDER,33.274826,-81.5774659,0.10998828999311573,-32768.0,30.0,143108936361.29333
2019-04-25 09:55:43.870211,118,PRDER,33.2747934,-81.5774346,0.10998828999311573,-32768.0,30.0,143108936361.29333
2019-04-25 09:55:44.089555,118,PRDER,33.2747934,-81.5774346,0.0999893535383639,-32768.0,31.0,163552970313.28757
2019-04-25 09:55:44.206048,118,PRDER,33.2747741,-81.5774161,0.03999574899834,-32768.0,31.0,163552371430.63992
2019-04-25 09:55:44.492427,118,PRDER,33.2747601,-81.5774029,0.09998937249585,-32768.0,31.0,163552970313.47678
2019-04-25 09:55:44.611328,118,PRDER,33.274748,-81.5773918,0.09998938387895444,-32768.0,31.0,163552970313.59045
2019-04-25 09:55:44.890082,118,PRDER,33.2747401,-81.5773845,0.18997982937001343,-32768.0,31.0,163553868640.00388
2019-04-25 09:55:46.021764,118,PRDER,33.2747131,-81.5773596,0.06999244581953169,-32768.0,30.0,143108587011.92725
2019-04-25 09:55:46.223046,118,PRDER,33.2746412,-81.5772934,0.05999345628198166,-32768.0,30.0,143108499674.4035
2019-04-25 09:55:46.472566,118,PRDER,33.2746412,-81.5772934,0.06999236566231194,-32768.0,30.0,143108587011.22717
2019-04-25 09:55:46.683307,118,PRDER,33.2746137,-81.5772685,0.12998564661815315,-32768.0,30.0,143109111031.19717
2019-04-25 09:55:46.872960,118,PRDER,33.2746071,-81.5772624,0.07999110329509711,-32768.0,30.0,143108674346.57727
2019-04-25 09:55:46.994974,118,PRDER,33.2745855,-81.5772429,0.07999110329509711,-32768.0,30.0,143108674346.57727
2019-04-25 09:55:47.185950,118,PRDER,33.2745855,-81.5772429,0.07999110329509711,-32768.0,30.0,143108674346.57727
2019-04-25 09:55:47.307583,118,PRDER,33.2745855,-81.5772429,0.06999221538320996,-32768.0,30.0,143108587009.9145
2019-04-25 09:55:47.494272,118,PRDER,33.2745795,-81.5772374,0.06999221538320996,-32768.0,32.0,183996754727.03293
2019-04-25 09:55:47.618309,118,PRDER,33.2745597,-81.5772194,0.06999220447371886,-32768.0,32.0,183996754726.91043
2019-04-25 09:55:47.803343,118,PRDER,33.2745534,-81.5772137,0.06999217617129254,-32768.0,32.0,183996754726.59253
2019-04-25 09:55:48.060315,118,PRDER,33.2745333,-81.5771953,0.06999217617129254,-32768.0,33.0,204440838585.10284
2019-04-25 09:55:48.209999,118,PRDER,33.2745118,-81.5771757,0.06999217617129254,-32768.0,33.0,204440838585.10284
2019-04-25 09:55:48.485602,118,PRDER,33.2745049,-81.5771694,0.09998881406782081,-32768.0,33.0,204441212884.87787
2019-04-25 09:55:48.621042,118,PRDER,33.2744852,-81.5771515,0.17997990233672706,-32768.0,33.0,204442211019.95877
2019-04-25 09:55:49.243955,118,PRDER,33.2744716,-81.5771391,0.10998773659541279,-32768.0,33.0,204441337652.0851
2019-04-25 09:55:49.371276,118,PRDER,33.2744318,-81.577103,0.09998885145037527,-32768.0,33.0,204441212885.34433
2019-04-25 09:55:49.668354,118,PRDER,33.2744256,-81.5770973,0.09998887866639455,-32768.0,33.0,204441212885.684
2019-04-25 09:55:49.871189,118,PRDER,33.2744049,-81.5770785,0.09998887866639455,-32768.0,33.0,204441212885.684
2019-04-25 09:55:50.071790,118,PRDER,33.2743983,-81.5770725,0.09998887866639455,-32768.0,32.0,183997091597.11557
2019-04-25 09:55:50.275486,118,PRDER,33.2743786,-81.5770547,0.09998889014413351,-32768.0,32.0,183997091597.24448
2019-04-25 09:55:50.477004,118,PRDER,33.2743722,-81.5770488,0.17998011752938214,-32768.0,32.0,183997989920.37955
2019-04-25 09:55:50.702707,118,PRDER,33.2743522,-81.5770302,0.17998011752938214,-32768.0,32.0,183997989920.37955
2019-04-25 09:55:50.884129,118,PRDER,33.2743333,-81.5770122,0.0999889541829901,-32768.0,32.0,183997091597.96365
2019-04-25 09:55:51.268873,118,PRDER,33.2743271,-81.5770063,0.029996728755296038,-32768.0,31.0,163552271616.1119
2019-04-25 09:55:51.655130,118,PRDER,33.274305,-81.5769851,0.08999035681689393,-32768.0,31.0,163552870498.81155
2019-04-25 09:55:51.785019,118,PRDER,33.2742893,-81.5769703,0.08999035681689393,-32768.0,31.0,163552870498.81155
2019-04-25 09:55:52.044600,118,PRDER,33.274284,-81.5769654,0.08999035681689393,-32768.0,29.0,122664652874.10867
2019-04-25 09:55:52.251041,118,PRDER,33.2742666,-81.5769492,0.08999047997917704,-32768.0,29.0,122664652875.0308
2019-04-25 09:55:52.464914,118,PRDER,33.2742614,-81.5769445,0.07999153775926848,-32768.0,29.0,122664578014.60469
2019-04-25 09:55:52.672615,118,PRDER,33.2742467,-81.576931,0.07999153775926848,-32768.0,29.0,122664578014.60469
2019-04-25 09:55:52.864470,118,PRDER,33.2742421,-81.5769268,0.10998842753635861,-32768.0,29.0,122664802596.42406
2019-04-25 09:55:53.003983,118,PRDER,33.2742282,-81.5769141,0.10998842753635861,-32768.0,29.0,122664802596.42406
2019-04-25 09:55:53.638443,118,PRDER,33.2742237,-81.57691,0.04999479717188152,-32768.0,29.0,122664353434.1079
2019-04-25 09:55:53.778437,118,PRDER,33.2741932,-81.576882,0.049994846603034396,-32768.0,29.0,122664353434.478
2019-04-25 09:55:54.049688,118,PRDER,33.2741932,-81.576882,0.049994846603034396,-32768.0,30.0,143108412340.2243
2019-04-25 09:55:54.258007,118,PRDER,33.2741803,-81.5768706,0.049994846603034396,-32768.0,30.0,143108412340.2243
2019-04-25 09:55:54.445702,118,PRDER,33.2741763,-81.576867,0.13998582026752138,-32768.0,30.0,143109198379.25024
2019-04-25 09:55:54.660014,118,PRDER,33.274164,-81.576856,0.13998582026752138,-32768.0,30.0,143109198379.25024
2019-04-25 09:55:54.855888,118,PRDER,33.274164,-81.576856,0.06999291013376069,-32768.0,30.0,143108587015.98288
2019-04-25 09:55:54.991170,118,PRDER,33.2741498,-81.5768429,0.06999294169052683,-32768.0,30.0,143108587016.2585
2019-04-25 09:55:55.244448,118,PRDER,33.2741462,-81.5768396,0.06999294169052683,-32768.0,28.0,102220419297.32751
2019-04-25 09:55:55.449425,118,PRDER,33.2741359,-81.5768296,0.06999294169052683,-32768.0,28.0,102220419297.32751
2019-04-25 09:55:55.643370,118,PRDER,33.2741327,-81.5768265,0.07999192293747702,-32768.0,28.0,102220481681.24039
2019-04-25 09:55:55.861980,118,PRDER,33.2741243,-81.576818,0.009998990367184627,-32768.0,28.0,102220044993.8518
2019-04-25 09:55:56.056165,118,PRDER,33.2741243,-81.576818,0.009998990367184627,-32768.0,28.0,102220044993.8518
2019-04-25 09:55:56.192786,118,PRDER,33.2741207,-81.5768143,0.0799918973749154,-32768.0,27.0,81776385344.8647
2019-04-25 09:55:56.400851,118,PRDER,33.2741123,-81.5768058,0.07999187733729093,-32768.0,27.0,81776385344.76468
2019-04-25 09:55:56.600223,118,PRDER,33.2741097,-81.5768032,0.07999187733729093,-32768.0,27.0,81776385344.76468
2019-04-25 09:55:56.738109,118,PRDER,33.2741047,-81.5767981,0.06999287865116992,-32768.0,27.0,81776335437.54736
2019-04-25 09:55:56.942560,118,PRDER,33.2741017,-81.5767952,0.06999287865116992,-32768.0,27.0,81776335437.54736
2019-04-25 09:55:57.136022,118,PRDER,33.2740926,-81.5767869,0.07999186131562276,-32768.0,27.0,81776385344.68472
2019-04-25 09:55:57.275092,118,PRDER,33.2740926,-81.5767869,0.07999187295069966,-32768.0,27.0,81776385344.74283
2019-04-25 09:55:57.475014,118,PRDER,33.274085,-81.5767804,0.14998476178256187,-32768.0,27.0,81776734695.1816
2019-04-25 09:55:57.662244,118,PRDER,33.274085,-81.5767804,0.08999097516400824,-32768.0,27.0,81776435252.49208
2019-04-25 09:55:58.008229,118,PRDER,33.2740795,-81.5767761,0.08999097516400824,-32768.0,27.0,81776435252.49208
2019-04-25 09:55:58.210902,118,PRDER,33.2740759,-81.5767736,0.08999097516400824,-32768.0,27.0,81776435252.49208
2019-04-25 09:55:58.421124,118,PRDER,33.2740748,-81.576773,0.089991020634622,-32768.0,27.0,81776435252.71906
2019-04-25 09:55:58.564734,118,PRDER,33.2740722,-81.5767717,0.089991020634622,-32768.0,27.0,81776435252.71906
2019-04-25 09:55:58.818715,118,PRDER,33.2740714,-81.5767713,0.10998908784442041,-32768.0,27.0,81776535067.57846
2019-04-25 09:55:59.046381,118,PRDER,33.2740696,-81.5767706,0.10998908784442041,-32768.0,27.0,81776535067.57846
2019-04-25 09:55:59.238579,118,PRDER,33.2740696,-81.5767706,0.10998908784442041,-32768.0,27.0,81776535067.57846
2019-04-25 09:55:59.376084,118,PRDER,33.2740691,-81.5767704,0.059994043286554076,-32768.0,26.0,61332214148.37034
2019-04-25 09:55:59.579179,118,PRDER,33.2740678,-81.5767699,0.059994043286554076,-32768.0,26.0,61332214148.37034
2019-04-25 09:55:59.776756,118,PRDER,33.2740667,-81.5767685,0.059994069970671866,-32768.0,26.0,61332214148.47022
2019-04-25 09:56:00.008422,118,PRDER,33.2740667,-81.5767685,0.07999210887044737,-32768.0,28.0,102220481682.40042
2019-04-25 09:56:00.237227,118,PRDER,33.2740664,-81.576766,0.07999210887044737,-32768.0,28.0,102220481682.40042
2019-04-25 09:56:01.869741,118,PRDER,33.2740665,-81.5767651,0.14998507331085267,-32768.0,28.0,102220918370.92061
2019-04-25 09:56:02.044124,118,PRDER,33.2740747,-81.5767479,0.08999104958921998,-32768.0,28.0,102220544066.07944
2019-04-25 09:56:02.335225,118,PRDER,33.2740754,-81.5767466,0.09999005509913333,-32768.0,28.0,102220606450.18178
2019-04-25 09:56:02.543828,118,PRDER,33.2740785,-81.57674,0.09999005509913333,-32768.0,28.0,102220606450.18178
2019-04-25 09:56:02.779631,118,PRDER,33.2740785,-81.57674,0.019998009702919903,-32768.0,28.0,102220107377.88806
2019-04-25 09:56:03.153850,118,PRDER,33.2740817,-81.5767315,0.019998009702919903,-32768.0,28.0,102220107377.88806
2019-04-25 09:56:03.545991,118,PRDER,33.2740842,-81.5767251,0.11998814458039772,-32768.0,29.0,122664877462.71964
2019-04-25 09:56:03.922071,118,PRDER,33.2740888,-81.5767165,0.16998320482223012,-32768.0,29.0,122665251768.14938
2019-04-25 09:56:04.139710,118,PRDER,33.2740939,-81.5767043,0.16998320482223012,-32768.0,29.0,122665251768.14938
2019-04-25 09:56:04.348699,118,PRDER,33.2740939,-81.5767043,0.07999210185969434,-32768.0,28.0,102220481682.35669
2019-04-25 09:56:04.603338,118,PRDER,33.2740988,-81.5766928,-0.0199980248027376,-32768.0,28.0,102219857842.12444
2019-04-25 09:56:05.121253,118,PRDER,33.2740988,-81.5766928,0.049995024119624476,-32768.0,28.0,102220294529.83919
2019-04-25 09:56:05.289042,118,PRDER,33.2741087,-81.576671,0.05999402894354937,-32768.0,28.0,102220356913.86107
2019-04-25 09:56:05.541262,118,PRDER,33.2741102,-81.5766682,0.05999399775275454,-32768.0,28.0,102220356913.66647
2019-04-25 09:56:05.757106,118,PRDER,33.2741151,-81.5766595,0.05999399775275454,-32768.0,28.0,102220356913.66647
2019-04-25 09:56:05.976379,118,PRDER,33.2741166,-81.576657,0.04999499008644175,-32768.0,28.0,102220294529.62685
2019-04-25 09:56:06.130018,118,PRDER,33.2741216,-81.5766489,-0.029996994051865046,-32768.0,28.0,102219795458.47676
2019-04-25 09:56:06.347094,118,PRDER,33.2741216,-81.5766489,-0.029996994051865046,-32768.0,28.0,102219795458.47676
2019-04-25 09:56:06.557293,118,PRDER,33.2741216,-81.5766489,0.12998685057973816,-32768.0,28.0,102220793601.2238
2019-04-25 09:56:06.772445,118,PRDER,33.2741285,-81.5766389,0.12998685057973816,-32768.0,28.0,102220793601.2238
2019-04-25 09:56:06.931814,118,PRDER,33.2741301,-81.5766366,0.06999291954293595,-32768.0,28.0,102220419297.18933
2019-04-25 09:56:07.146949,118,PRDER,33.2741348,-81.5766302,0.06999291954293595,-32768.0,28.0,102220419297.18933
2019-04-25 09:56:07.361694,118,PRDER,33.2741348,-81.5766302,0.06999291954293595,-32768.0,28.0,102220419297.18933
2019-04-25 09:56:07.583642,118,PRDER,33.2741348,-81.5766302,0.06999285618272465,-32768.0,28.0,102220419296.79404
2019-04-25 09:56:07.793662,118,PRDER,33.274141,-81.5766226,0.06999285618272465,-32768.0,28.0,102220419296.79404
2019-04-25 09:56:08.618958,118,PRDER,33.274141,-81.5766226,0.04999489844702464,-32768.0,28.0,102220294529.0551
2019-04-25 09:56:08.864904,118,PRDER,33.2741605,-81.576603,0.1499847822891987,-32768.0,28.0,102220918369.10497
2019-04-25 09:56:09.082323,118,PRDER,33.2741613,-81.5766022,0.09998985485946581,-32768.0,28.0,102220606448.93251
2019-04-25 09:56:09.292672,118,PRDER,33.2741621,-81.5766015,0.09998987992858657,-32768.0,26.0,61332363869.45334
2019-04-25 09:56:09.461883,118,PRDER,33.2741637,-81.5766004,0.09998987992858657,-32768.0,26.0,61332363869.45334
2019-04-25 09:56:09.702154,118,PRDER,33.2741643,-81.5766002,0.09998987992858657,-32768.0,26.0,61332363869.45334
2019-04-25 09:56:09.920444,118,PRDER,33.274166,-81.5766003,0.09998994839538285,-32768.0,26.0,61332363869.70963
2019-04-25 09:56:10.151779,118,PRDER,33.2741665,-81.5766005,0.08999096444604844,-32768.0,26.0,61332326439.32895
2019-04-25 09:56:10.370627,118,PRDER,33.274168,-81.5766014,0.08999096444604844,-32768.0,25.0,40888217626.2193
2019-04-25 09:56:10.529326,118,PRDER,33.2741694,-81.5766025,0.08999097405377558,-32768.0,25.0,40888217626.243286
2019-04-25 09:56:10.762981,118,PRDER,33.2741697,-81.5766026,0.09998996926708517,-32768.0,25.0,40888242579.85852
2019-04-25 09:56:10.985870,118,PRDER,33.2741706,-81.5766027,0.09998996926708517,-32768.0,25.0,40888242579.85852
2019-04-25 09:56:11.217661,118,PRDER,33.2741706,-81.5766027,0.09998996697467256,-32768.0,24.0,20444121289.9264
2019-04-25 09:56:11.438613,118,PRDER,33.2741711,-81.5766026,0.09998996697467256,-32768.0,24.0,20444121289.9264
2019-04-25 09:56:11.603076,118,PRDER,33.2741713,-81.5766026,0.09998996697467256,-32768.0,24.0,20444121289.9264
2019-04-25 09:56:11.849010,118,PRDER,33.2741713,-81.5766026,0.09998996697467256,-32768.0,24.0,20444121289.9264
2019-04-25 09:56:12.074136,118,PRDER,33.274172,-81.5766024,0.039996014405870084,-32768.0,24.0,20444046429.161167
2019-04-25 09:56:12.988481,118,PRDER,33.2741736,-81.5766024,0.0399960976341175,-32768.0,26.0,61332139287.79506
2019-04-25 09:56:13.244716,118,PRDER,33.2741787,-81.5766076,0.0399960976341175,-32768.0,26.0,61332139287.79506
2019-04-25 09:56:14.170608,118,PRDER,33.27418,-81.5766091,0.0899913614501932,-32768.0,26.0,61332326440.815094
2019-04-25 09:56:14.420721,118,PRDER,33.2741892,-81.5766175,0.0899913614501932,-32768.0,26.0,61332326440.815094
2019-04-25 09:56:14.652776,118,PRDER,33.2741913,-81.5766193,0.089991355112554,-32768.0,26.0,61332326440.79137
2019-04-25 09:56:14.891774,118,PRDER,33.2741952,-81.5766228,0.09999039666049243,-32768.0,26.0,61332363871.387665
2019-04-25 09:56:16.158891,118,PRDER,33.2741965,-81.5766239,0.009999029352907975,-32768.0,27.0,81776035995.27602
2019-04-25 09:56:16.421342,118,PRDER,33.2742248,-81.5766506,0.06999320547035583,-32768.0,27.0,81776335439.1786
2019-04-25 09:56:16.605241,118,PRDER,33.2742272,-81.5766528,0.06999320547035583,-32768.0,27.0,81776335439.1786
2019-04-25 09:56:16.851331,118,PRDER,33.2742351,-81.5766602,0.06999320547035583,-32768.0,27.0,81776335439.1786
2019-04-25 09:56:17.085559,118,PRDER,33.2742381,-81.576663,0.06999312417639938,-32768.0,27.0,81776335438.77284
2019-04-25 09:56:17.393940,118,PRDER,33.2742495,-81.5766739,0.06999312417639938,-32768.0,27.0,81776335438.77284
2019-04-25 09:56:17.634123,118,PRDER,33.2742595,-81.5766834,0.06999312417639938,-32768.0,27.0,81776335438.77284
2019-04-25 09:56:17.872554,118,PRDER,33.2742621,-81.5766857,0.06999312417639938,-32768.0,27.0,81776335438.77284
2019-04-25 09:56:18.045226,118,PRDER,33.274275,-81.5766976,0.06999311098286709,-32768.0,27.0,81776335438.707
2019-04-25 09:56:18.296857,118,PRDER,33.274275,-81.5766976,0.06999308437591635,-32768.0,27.0,81776335438.57419
2019-04-25 09:56:18.525911,118,PRDER,33.2742847,-81.5767062,0.06999308437591635,-32768.0,27.0,81776335438.57419
2019-04-25 09:56:18.753846,118,PRDER,33.2742887,-81.5767099,0.06999306385529065,-32768.0,27.0,81776335438.47179
2019-04-25 09:56:18.988175,118,PRDER,33.2742984,-81.576719,0.07999207387976401,-32768.0,27.0,81776385345.74568
2019-04-25 09:56:19.373193,118,PRDER,33.2743089,-81.5767294,0.07999207387976401,-32768.0,28.0,102220481682.18213
2019-04-25 09:56:19.637274,118,PRDER,33.2743211,-81.5767425,0.07999211026271374,-32768.0,28.0,102220481682.40913
2019-04-25 09:56:20.151954,118,PRDER,33.2743275,-81.5767494,0.0,-32768.0,28.0,102219982610.01529
2019-04-25 09:56:20.439187,118,PRDER,33.2743441,-81.5767663,0.0,-32768.0,28.0,102219982610.01529
2019-04-25 09:56:20.674397,118,PRDER,33.2743504,-81.5767727,0.0899910626258102,-32768.0,28.0,102220544066.16078
2019-04-25 09:56:20.912058,118,PRDER,33.2743614,-81.5767837,0.0899910626258102,-32768.0,28.0,102220544066.16078
2019-04-25 09:56:21.160029,118,PRDER,33.2743654,-81.5767878,0.0899910626258102,-32768.0,27.0,81776435252.92863
2019-04-25 09:56:21.400731,118,PRDER,33.2743768,-81.5767992,0.07999201067428326,-32768.0,27.0,81776385345.4302
2019-04-25 09:56:21.768616,118,PRDER,33.2743939,-81.5768162,0.07999203527543235,-32768.0,27.0,81776385345.553
2019-04-25 09:56:22.034886,118,PRDER,33.2744061,-81.5768275,0.019998008818858087,-32768.0,27.0,81776085902.30606
2019-04-25 09:56:22.220507,118,PRDER,33.2744144,-81.5768351,0.07999203020332188,-32768.0,28.0,102220481681.9096
2019-04-25 09:56:22.476942,118,PRDER,33.2744268,-81.5768466,0.07999203020332188,-32768.0,28.0,102220481681.9096
2019-04-25 09:56:22.715075,118,PRDER,33.2744308,-81.5768502,0.0799920845124821,-32768.0,28.0,102220481682.24843
2019-04-25 09:56:22.967180,118,PRDER,33.2744394,-81.5768581,0.08999109507654236,-32768.0,28.0,102220544066.36325
2019-04-25 09:56:23.225669,118,PRDER,33.2744441,-81.5768624,0.08999109507654236,-32768.0,28.0,102220544066.36325
2019-04-25 09:56:23.490817,118,PRDER,33.2744486,-81.5768664,0.08999114298789498,-32768.0,28.0,102220544066.66219
2019-04-25 09:56:23.743768,118,PRDER,33.2744616,-81.576878,0.08999114298789498,-32768.0,28.0,102220544066.66219
2019-04-25 09:56:23.992021,118,PRDER,33.2744662,-81.576882,0.15998426544393757,-32768.0,28.0,102220980756.30153
2019-04-25 09:56:24.248961,118,PRDER,33.2744802,-81.5768943,0.15998426544393757,-32768.0,28.0,102220980756.30153
2019-04-25 09:56:24.431362,118,PRDER,33.2744802,-81.5768943,0.08999114931221489,-32768.0,28.0,102220544066.70163
2019-04-25 09:56:24.691910,118,PRDER,33.2744978,-81.5769094,0.07999217639555177,-32768.0,28.0,102220481682.8217
2019-04-25 09:56:24.931418,118,PRDER,33.2745024,-81.5769133,0.07999216130679893,-32768.0,27.0,81776385346.18207
2019-04-25 09:56:25.177586,118,PRDER,33.2745158,-81.5769245,0.07999216054502781,-32768.0,27.0,81776385346.17825
2019-04-25 09:56:25.426115,118,PRDER,33.2745315,-81.576937,0.07999216054502781,-32768.0,27.0,81776385346.17825
2019-04-25 09:56:25.674785,118,PRDER,33.2745366,-81.5769409,0.019998040136256952,-32768.0,27.0,81776085902.46236
2019-04-25 09:56:25.937933,118,PRDER,33.2745588,-81.5769583,0.029997068818947877,-32768.0,26.0,61332101857.31496
2019-04-25 09:56:26.183136,118,PRDER,33.2745734,-81.5769701,0.029997068818947877,-32768.0,26.0,61332101857.31496
2019-04-25 09:56:26.435729,118,PRDER,33.2745734,-81.5769701,0.029997068818947877,-32768.0,26.0,61332101857.31496
2019-04-25 09:56:26.680439,118,PRDER,33.2745776,-81.5769736,0.029997072265335264,-32768.0,28.0,102220169762.21307
2019-04-25 09:56:26.928646,118,PRDER,33.2746144,-81.5770062,0.03999611550067063,-32768.0,28.0,102220232146.43655
2019-04-25 09:56:27.180956,118,PRDER,33.2746196,-81.5770111,0.14998543312751483,-32768.0,28.0,102220918373.16554
2019-04-25 09:56:27.361312,118,PRDER,33.2746358,-81.5770261,0.09999034622086574,-32768.0,28.0,102220606451.99811
2019-04-25 09:56:27.625314,118,PRDER,33.2746405,-81.5770304,0.019998069244173147,-32768.0,28.0,102220107378.25952
2019-04-25 09:56:27.867732,118,PRDER,33.2746567,-81.5770454,0.06999330251661251,-32768.0,28.0,102220419299.57872
2019-04-25 09:56:28.126105,118,PRDER,33.2746775,-81.5770643,0.06999330251661251,-32768.0,28.0,102220419299.57872
2019-04-25 09:56:28.373645,118,PRDER,33.2746986,-81.5770832,0.0699933528347867,-32768.0,28.0,102220419299.89267
2019-04-25 09:56:28.626239,118,PRDER,33.2747045,-81.5770886,0.05999430395176356,-32768.0,28.0,102220356915.57684
2019-04-25 09:56:28.881512,118,PRDER,33.2747205,-81.5771035,0.05999430395176356,-32768.0,28.0,102220356915.57684
2019-04-25 09:56:29.136627,118,PRDER,33.2747262,-81.5771089,0.0699933686826559,-32768.0,28.0,102220419299.99155
2019-04-25 09:56:29.407087,118,PRDER,33.2747418,-81.5771237,0.0699933686826559,-32768.0,28.0,102220419299.99155
2019-04-25 09:56:30.110564,118,PRDER,33.2747475,-81.5771292,0.04999529258115386,-32768.0,32.0,183996530156.72543
2019-04-25 09:56:30.522246,118,PRDER,33.2748223,-81.5771992,0.04999528419065071,-32768.0,32.0,183996530156.63123
2019-04-25 09:56:30.785125,118,PRDER,33.2748483,-81.5772216,0.04999528419065071,-32768.0,32.0,183996530156.63123
2019-04-25 09:56:31.059191,118,PRDER,33.2748483,-81.5772216,0.04999530465442039,-32768.0,32.0,183996530156.861
2019-04-25 09:56:31.336953,118,PRDER,33.274872,-81.5772415,0.04999530465442039,-32768.0,32.0,183996530156.861
2019-04-25 09:56:31.619974,118,PRDER,33.2748777,-81.5772463,0.09999055719420097,-32768.0,32.0,183997091615.96585
2019-04-25 09:56:31.892723,118,PRDER,33.2748965,-81.5772624,0.09999055719420097,-32768.0,32.0,183997091615.96585
2019-04-25 09:56:32.170921,118,PRDER,33.2749226,-81.5772861,0.10998961291362105,-32768.0,32.0,183997203907.94818
2019-04-25 09:56:32.451949,118,PRDER,33.2749282,-81.5772915,0.01999811057307755,-32768.0,34.0,224884236232.7383
2019-04-25 09:56:32.731909,118,PRDER,33.2749467,-81.57731,0.0799924422923102,-32768.0,34.0,224885059705.8574
2019-04-25 09:56:33.008437,118,PRDER,33.2749529,-81.5773162,0.07999241886019698,-32768.0,34.0,224885059705.53583
2019-04-25 09:56:33.276692,118,PRDER,33.2749726,-81.5773361,0.07999238646318074,-32768.0,34.0,224885059705.0911
2019-04-25 09:56:33.545201,118,PRDER,33.2749726,-81.5773361,0.07999238646318074,-32768.0,34.0,224885059705.0911
2019-04-25 09:56:33.818472,118,PRDER,33.2749908,-81.5773538,0.07999238646318074,-32768.0,34.0,224885059705.0911
2019-04-25 09:56:34.093014,118,PRDER,33.2749965,-81.5773592,0.07999240139344398,-32768.0,35.0,245329156042.1411
2019-04-25 09:56:34.367902,118,PRDER,33.2750137,-81.5773756,0.18998195330942946,-32768.0,35.0,245330802991.8091
2019-04-25 09:56:34.651139,118,PRDER,33.27502,-81.5773816,0.11998866954131543,-32768.0,35.0,245329754933.29984
2019-04-25 09:56:34.843395,118,PRDER,33.2750384,-81.5773986,-0.009999056729334843,-32768.0,35.0,245327808541.8811
2019-04-25 09:56:35.113227,118,PRDER,33.2750384,-81.5773986,-0.009999056729334843,-32768.0,35.0,245327808541.8811
2019-04-25 09:56:35.358749,118,PRDER,33.2750457,-81.5774053,-0.009999056729334843,-32768.0,36.0,265771792587.03784
2019-04-25 09:56:35.606377,118,PRDER,33.275064,-81.5774221,0.049995283646674216,-32768.0,36.0,265772765781.7918
2019-04-25 09:56:35.853407,118,PRDER,33.275064,-81.5774221,0.049995283646674216,-32768.0,36.0,265772765781.7918
2019-04-25 09:56:36.101689,118,PRDER,33.2750703,-81.5774278,0.05999431373314567,-32768.0,36.0,265772927980.65854
2019-04-25 09:56:36.407754,118,PRDER,33.2750887,-81.577445,0.05999431373314567,-32768.0,36.0,265772927980.65854
2019-04-25 09:56:36.669007,118,PRDER,33.2750887,-81.577445,0.05999431373314567,-32768.0,36.0,265772927980.65854
2019-04-25 09:56:36.936007,118,PRDER,33.2750887,-81.577445,0.059994271982427315,-32768.0,36.0,265772927979.98132
2019-04-25 09:56:37.200819,118,PRDER,33.2751143,-81.5774694,0.059994271982427315,-32768.0,36.0,265772927979.98132
2019-04-25 09:56:37.465223,118,PRDER,33.2751207,-81.5774756,0.049995226652022766,-32768.0,38.0,306660883593.3084
2019-04-25 09:56:37.739016,118,PRDER,33.2751397,-81.5774944,0.05999426083689764,-32768.0,38.0,306661070745.92365
2019-04-25 09:56:38.014235,118,PRDER,33.2751462,-81.5775007,0.05999426083689764,-32768.0,38.0,306661070745.92365
2019-04-25 09:56:38.292381,118,PRDER,33.2751659,-81.5775196,0.04999520571479154,-32768.0,38.0,306660883592.9165
2019-04-25 09:56:38.572933,118,PRDER,33.2751659,-81.5775196,0.04999520571479154,-32768.0,38.0,306660883592.9165
2019-04-25 09:56:38.859521,118,PRDER,33.2751659,-81.5775196,0.04999520571479154,-32768.0,39.0,327104942499.1109
2019-04-25 09:56:39.155015,118,PRDER,33.2751846,-81.5775374,0.04999520693326619,-32768.0,39.0,327104942499.1353
2019-04-25 09:56:39.456050,118,PRDER,33.2752107,-81.5775623,0.059994248319919424,-32768.0,39.0,327105142128.73517
2019-04-25 09:56:39.747439,118,PRDER,33.2752186,-81.5775697,0.05999427278611674,-32768.0,39.0,327105142129.2237
2019-04-25 09:56:40.026333,118,PRDER,33.275237,-81.5775869,0.139986631167203,-32768.0,39.0,327106739168.76166
2019-04-25 09:56:40.305312,118,PRDER,33.2753135,-81.5776579,0.139986631167203,-32768.0,39.0,327106739168.76166
2019-04-25 09:56:40.595374,118,PRDER,33.2753206,-81.5776645,0.039996164131932,-32768.0,39.0,327104742869.56793
2019-04-25 09:56:40.884588,118,PRDER,33.2753264,-81.57767,0.13998660003756516,-32768.0,39.0,327106739168.1401
2019-04-25 09:56:41.166110,118,PRDER,33.2753398,-81.5776827,0.07999234287860865,-32768.0,39.0,327105541388.3533
2019-04-25 09:56:41.438997,118,PRDER,33.2753455,-81.5776881,0.07999227910943701,-32768.0,39.0,327105541387.0802
2019-04-25 09:56:41.735941,118,PRDER,33.2753645,-81.5777063,0.07999227910943701,-32768.0,39.0,327105541387.0802
2019-04-25 09:56:42.027131,118,PRDER,33.2753707,-81.5777123,0.07999227910943701,-32768.0,40.0,347549637723.77264
2019-04-25 09:56:42.315695,118,PRDER,33.2753899,-81.5777309,0.1799825300676068,-32768.0,40.0,347551758789.6713
2019-04-25 09:56:42.614106,118,PRDER,33.2753899,-81.5777309,0.09999021746486135,-32768.0,38.0,306661819353.5844
2019-04-25 09:56:42.908138,118,PRDER,33.2754584,-81.5777966,0.09999021746486135,-32768.0,38.0,306661819353.5844
2019-04-25 09:56:43.187597,118,PRDER,33.2754641,-81.5778019,0.18998124445894116,-32768.0,38.0,306663503726.4937
2019-04-25 09:56:43.470457,118,PRDER,33.2754899,-81.5778245,0.18998124445894116,-32768.0,38.0,306663503726.4937
2019-04-25 09:56:43.817048,118,PRDER,33.2754962,-81.5778298,0.08999105720458811,-32768.0,38.0,306661632198.3809
2019-04-25 09:56:44.130339,118,PRDER,33.2755163,-81.5778466,0.08999105720458811,-32768.0,38.0,306661632198.3809
2019-04-25 09:56:44.423694,118,PRDER,33.2755163,-81.5778466,0.08999105720458811,-32768.0,38.0,306661632198.3809
2019-04-25 09:56:44.721410,118,PRDER,33.2755231,-81.5778523,0.08999105720458811,-32768.0,38.0,306661632198.3809
2019-04-25 09:56:45.008186,118,PRDER,33.275543,-81.5778689,0.09998993909746044,-32768.0,35.0,245329455478.6993
2019-04-25 09:56:45.298631,118,PRDER,33.2756188,-81.5779374,0.09998994105360634,-32768.0,35.0,245329455478.72858
2019-04-25 09:56:45.585804,118,PRDER,33.2756255,-81.5779439,0.11998806558002884,-32768.0,32.0,183997316193.19223
2019-04-25 09:56:45.867229,118,PRDER,33.2757153,-81.5780326,0.10998906011502643,-32768.0,32.0,183997203901.74014
2019-04-25 09:56:46.166056,118,PRDER,33.2757222,-81.5780392,0.10998910821808629,-32768.0,32.0,183997203902.2803
2019-04-25 09:56:46.453685,118,PRDER,33.2757445,-81.5780603,0.10998910821808629,-32768.0,32.0,183997203902.2803
2019-04-25 09:56:46.747919,118,PRDER,33.2757515,-81.5780668,0.1999802897606687,-32768.0,31.0,163553968469.39554
2019-04-25 09:56:47.040081,118,PRDER,33.2757729,-81.5780863,0.0799921836882,-32768.0,31.0,163552770692.58752
2019-04-25 09:56:47.385755,118,PRDER,33.2757872,-81.5780992,0.08999120664922501,-32768.0,31.0,163552870507.295
2019-04-25 09:56:47.691223,118,PRDER,33.2758026,-81.5781133,0.1999806012496903,-32768.0,31.0,163553968472.5049
2019-04-25 09:56:47.987318,118,PRDER,33.2758026,-81.5781133,0.09999030062484515,-32768.0,31.0,163552970322.7418
2019-04-25 09:56:48.290474,118,PRDER,33.2758293,-81.5781382,0.09999038731523086,-32768.0,30.0,143108849033.15628
2019-04-25 09:56:48.594878,118,PRDER,33.2758363,-81.5781449,0.099990447769371,-32768.0,30.0,143108849033.68436
2019-04-25 09:56:48.878606,118,PRDER,33.2758567,-81.5781647,0.099990447769371,-32768.0,30.0,143108849033.68436
2019-04-25 09:56:49.183772,118,PRDER,33.2758633,-81.5781712,0.009999044776937098,-32768.0,30.0,143108062991.86777
2019-04-25 09:56:49.476350,118,PRDER,33.2758847,-81.5781918,0.0799923879534372,-32768.0,30.0,143108674357.79828
2019-04-25 09:56:49.793625,118,PRDER,33.2758847,-81.5781918,0.0799923879534372,-32768.0,27.0,81776385347.3133
2019-04-25 09:56:50.156160,118,PRDER,33.2759106,-81.5782159,0.0799923879534372,-32768.0,27.0,81776385347.3133
2019-04-25 09:56:50.473787,118,PRDER,33.2759186,-81.5782233,0.0799923771412521,-32768.0,27.0,81776385347.25934
2019-04-25 09:56:50.786083,118,PRDER,33.2759351,-81.5782383,0.0799923771412521,-32768.0,27.0,81776385347.25934
2019-04-25 09:56:51.099166,118,PRDER,33.2759351,-81.5782383,0.08999142428390859,-32768.0,27.0,81776435254.73375
2019-04-25 09:56:51.393597,118,PRDER,33.275953,-81.5782548,0.029997127364959644,-32768.0,24.0,20444033952.51137
2019-04-25 09:56:51.687426,118,PRDER,33.2759589,-81.5782603,0.04999519823255831,-32768.0,26.0,61332176718.5553
2019-04-25 09:56:52.010624,118,PRDER,33.2760163,-81.5783136,0.10998943611162827,-32768.0,26.0,61332401301.98753
2019-04-25 09:56:52.316383,118,PRDER,33.2760221,-81.5783188,0.009999038689935394,-32768.0,26.0,61332026996.49197
2019-04-25 09:56:52.666068,118,PRDER,33.2760436,-81.5783376,0.019998073182155598,-32768.0,26.0,61332064426.97048
2019-04-25 09:56:52.975714,118,PRDER,33.2760494,-81.5783426,0.019998060080767707,-32768.0,26.0,61332064426.921425
2019-04-25 09:56:53.287341,118,PRDER,33.2760651,-81.5783558,0.09999030040383854,-32768.0,23.0,0.0
2019-04-25 09:56:53.592212,118,PRDER,33.2760856,-81.5783727,0.09999030040383854,-32768.0,23.0,0.0
2019-04-25 09:56:53.883855,118,PRDER,33.2760906,-81.5783768,0.09999026455960455,-32768.0,23.0,0.0
2019-04-25 09:56:54.190322,118,PRDER,33.2761,-81.5783843,0.05999401128293519,-32768.0,23.0,0.0
2019-04-25 09:56:54.492758,118,PRDER,33.2761474,-81.5784262,0.05999401128293519,-32768.0,23.0,0.0
2019-04-25 09:56:54.854670,118,PRDER,33.2761509,-81.5784298,0.07999196345918998,-32768.0,21.0,0.0
2019-04-25 09:56:55.180763,118,PRDER,33.2761639,-81.5784429,0.07999196345918998,-32768.0,21.0,0.0
2019-04-25 09:56:55.508652,118,PRDER,33.2761665,-81.5784454,0.06999291378358481,-32768.0,21.0,0.0
2019-04-25 09:56:55.795916,118,PRDER,33.2761758,-81.5784547,0.06999291378358481,-32768.0,21.0,0.0
2019-04-25 09:56:56.110439,118,PRDER,33.2761845,-81.578463,0.06999289025309734,-32768.0,21.0,0.0
2019-04-25 09:56:56.419583,118,PRDER,33.2761867,-81.5784651,-0.019997968643742096,-32768.0,21.0,0.0
2019-04-25 09:56:56.780055,118,PRDER,33.2761939,-81.5784718,0.0699928405101043,-32768.0,21.0,0.0
2019-04-25 09:56:57.098919,118,PRDER,33.2761958,-81.5784736,0.07999156831040985,-32768.0,24.0,20444096335.805573
2019-04-25 09:56:57.406655,118,PRDER,33.2762193,-81.5784971,0.14998410119680106,-32768.0,24.0,20444183672.971115
2019-04-25 09:56:57.709906,118,PRDER,33.2762239,-81.5785017,0.13998516111701434,-32768.0,24.0,20444171196.213264
2019-04-25 09:56:58.037308,118,PRDER,33.2762249,-81.5785026,0.13998510372259557,-32768.0,24.0,20444171196.14164
2019-04-25 09:56:58.351334,118,PRDER,33.2762283,-81.5785053,0.13998510372259557,-32768.0,24.0,20444171196.14164
2019-04-25 09:56:58.724699,118,PRDER,33.2762283,-81.5785053,0.0799913578694138,-32768.0,25.0,40888192671.08596
2019-04-25 09:56:59.055759,118,PRDER,33.2762312,-81.5785068,0.14998387662233606,-32768.0,25.0,40888367345.38179
2019-04-25 09:56:59.395169,118,PRDER,33.2762318,-81.5785071,0.05999355064893442,-32768.0,22.0,0.0
2019-04-25 09:56:59.708482,118,PRDER,33.2762329,-81.5785069,0.049994584370882056,-32768.0,22.0,0.0
2019-04-25 09:57:00.040010,118,PRDER,33.2762335,-81.5785065,0.049994584370882056,-32768.0,22.0,0.0
2019-04-25 09:57:00.436101,118,PRDER,33.2762343,-81.578506,0.049994584370882056,-32768.0,22.0,0.0
2019-04-25 09:57:00.769919,118,PRDER,33.2762347,-81.5785057,0.04999439326848355,-32768.0,23.0,0.0
2019-04-25 09:57:01.096066,118,PRDER,33.2762388,-81.5785,0.10998755739858372,-32768.0,20.0,0.0
2019-04-25 09:57:01.392261,118,PRDER,33.2762418,-81.5784982,0.10998755739858372,-32768.0,20.0,0.0
2019-04-25 09:57:01.712791,118,PRDER,33.2762418,-81.5784982,0.0,-32768.0,20.0,0.0
2019-04-25 09:57:02.082666,118,PRDER,33.2762459,-81.5784948,0.0,-32768.0,20.0,0.0
2019-04-25 09:57:02.407724,118,PRDER,33.2762471,-81.5784936,0.05999317902490132,-32768.0,21.0,0.0
2019-04-25 09:57:02.722890,118,PRDER,33.2762508,-81.578489,0.05999317902490132,-32768.0,21.0,0.0
2019-04-25 09:57:03.035304,118,PRDER,33.276252,-81.5784872,0.06999195130220429,-32768.0,21.0,0.0
2019-04-25 09:57:03.369944,118,PRDER,33.2762559,-81.5784812,0.0599931011161751,-32768.0,21.0,0.0
2019-04-25 09:57:03.752544,118,PRDER,33.2762559,-81.5784812,0.0599931011161751,-32768.0,21.0,0.0
2019-04-25 09:57:04.086490,118,PRDER,33.2762572,-81.5784791,0.06999191922464493,-32768.0,21.0,0.0
2019-04-25 09:57:04.403117,118,PRDER,33.2762624,-81.5784703,0.06999191922464493,-32768.0,21.0,0.0
2019-04-25 09:57:04.739236,118,PRDER,33.2762663,-81.5784632,0.06999188702037669,-32768.0,21.0,0.0
